length,molecular_weight,aromaticity,instability_index,isoelectric_point,gravy,aa_A,aa_C,aa_D,aa_E,aa_F,aa_G,aa_H,aa_I,aa_K,aa_L,aa_M,aa_N,aa_P,aa_Q,aa_R,aa_S,aa_T,aa_V,aa_W,aa_Y,label
586,66407.57849999999,0.03754266211604096,49.82832764505127,5.10541477203369,-0.7882252559726963,0.08703071672354949,0.008532423208191127,0.052901023890784986,0.1348122866894198,0.006825938566552901,0.040955631399317405,0.011945392491467578,0.03583617747440273,0.06655290102389079,0.11092150170648464,0.023890784982935155,0.034129692832764506,0.02218430034129693,0.052901023890784986,0.08191126279863481,0.08703071672354949,0.059726962457337884,0.051194539249146756,0.006825938566552901,0.023890784982935155,nuclear
620,69947.5737,0.041935483870967745,56.66903225806469,5.498626899719238,-0.8193548387096774,0.09193548387096774,0.0032258064516129032,0.04838709677419355,0.13709677419354838,0.017741935483870968,0.06290322580645161,0.012903225806451613,0.01935483870967742,0.06290322580645161,0.11129032258064517,0.024193548387096774,0.01935483870967742,0.027419354838709678,0.0532258064516129,0.1,0.08709677419354839,0.04032258064516129,0.056451612903225805,0.0064516129032258064,0.017741935483870968,nuclear
526,60298.3459,0.10266159695817491,48.64068441064648,8.478575706481934,-0.3979087452471483,0.045627376425855515,0.028517110266159697,0.049429657794676805,0.06653992395437262,0.043726235741444866,0.06653992395437262,0.013307984790874524,0.057034220532319393,0.06273764258555133,0.10266159695817491,0.026615969581749048,0.045627376425855515,0.03612167300380228,0.055133079847908745,0.06463878326996197,0.08745247148288973,0.03802281368821293,0.051330798479087454,0.019011406844106463,0.039923954372623575,nuclear
532,60010.70640000001,0.07142857142857142,36.55678571428571,8.922440528869632,-0.5723684210526315,0.05639097744360902,0.043233082706766915,0.03007518796992481,0.07330827067669173,0.041353383458646614,0.06390977443609022,0.05827067669172932,0.04887218045112782,0.09022556390977443,0.07330827067669173,0.011278195488721804,0.04887218045112782,0.03571428571428571,0.05827067669172932,0.043233082706766915,0.07518796992481203,0.05451127819548872,0.06390977443609022,0.009398496240601503,0.020676691729323307,nuclear
1271,140517.66979999997,0.056648308418568064,62.50701022816718,8.410754966735844,-0.6705743509047994,0.04878048780487805,0.004720692368214005,0.04956726986624705,0.06215578284815106,0.03540519276160504,0.06530291109362707,0.01809598741148702,0.05350118017309206,0.046420141620771044,0.06215578284815106,0.013375295043273014,0.04799370574350905,0.12037765538945712,0.07081038552321008,0.06845003933910307,0.08497246262785209,0.04878048780487805,0.07789142407553108,0.00865460267505901,0.012588512981904013,nuclear
498,56800.854600000006,0.10441767068273093,43.65847389558235,9.187341117858885,-0.5130522088353414,0.07228915662650602,0.028112449799196786,0.05823293172690763,0.04819277108433735,0.04819277108433735,0.05622489959839357,0.02610441767068273,0.06827309236947791,0.0642570281124498,0.06827309236947791,0.018072289156626505,0.04618473895582329,0.03815261044176707,0.04417670682730924,0.07630522088353414,0.08433734939759036,0.05622489959839357,0.04216867469879518,0.008032128514056224,0.04819277108433735,nuclear
361,41449.9019,0.02493074792243767,73.91274238227152,10.646582984924319,-1.3664819944598339,0.1329639889196676,0.00554016620498615,0.030470914127423823,0.11911357340720222,0.008310249307479225,0.05263157894736842,0.008310249307479225,0.013850415512465374,0.13019390581717452,0.0886426592797784,0.008310249307479225,0.01662049861495845,0.04155124653739612,0.06925207756232687,0.14681440443213298,0.04709141274238227,0.0332409972299169,0.030470914127423823,0.008310249307479225,0.008310249307479225,nuclear
215,23626.504399999998,0.06976744186046512,57.88744186046509,9.691354942321777,-0.7581395348837209,0.13023255813953488,0.009302325581395349,0.037209302325581395,0.06511627906976744,0.03255813953488372,0.08837209302325581,0.05581395348837209,0.023255813953488372,0.06511627906976744,0.08837209302325581,0.013953488372093023,0.018604651162790697,0.10697674418604651,0.04186046511627907,0.07906976744186046,0.05581395348837209,0.027906976744186046,0.023255813953488372,0.013953488372093023,0.023255813953488372,nuclear
781,89383.5828,0.06017925736235595,58.716658130602035,5.7054639816284185,-0.7327784891165173,0.0499359795134443,0.012804097311139564,0.06402048655569782,0.10115236875800256,0.034571062740076826,0.034571062740076826,0.023047375160051217,0.06274007682458387,0.0793854033290653,0.09603072983354674,0.016645326504481434,0.03585147247119078,0.04225352112676056,0.05761843790012804,0.06402048655569782,0.11267605633802817,0.04481434058898848,0.04225352112676056,0.012804097311139564,0.012804097311139564,nuclear
261,29322.0514,0.0842911877394636,42.6758620689655,9.677171897888183,-0.5708812260536399,0.06513409961685823,0.011494252873563218,0.04597701149425287,0.06896551724137931,0.04597701149425287,0.09578544061302682,0.0421455938697318,0.03065134099616858,0.06513409961685823,0.08812260536398467,0.011494252873563218,0.022988505747126436,0.06130268199233716,0.02681992337164751,0.09195402298850575,0.06130268199233716,0.05363984674329502,0.07279693486590039,0.01532567049808429,0.022988505747126436,nuclear
664,74138.6159,0.03463855421686747,52.001506024096585,6.569075584411621,-0.8629518072289156,0.08885542168674698,0.007530120481927711,0.05421686746987952,0.10692771084337349,0.012048192771084338,0.06325301204819277,0.01957831325301205,0.024096385542168676,0.060240963855421686,0.10993975903614457,0.015060240963855422,0.03162650602409638,0.022590361445783132,0.060240963855421686,0.0963855421686747,0.10391566265060241,0.05421686746987952,0.046686746987951805,0.006024096385542169,0.016566265060240965,nuclear
582,65653.06180000001,0.08591065292096219,62.36168384879737,5.0761426925659165,-1.1001718213058418,0.03264604810996564,0.010309278350515464,0.05670103092783505,0.13402061855670103,0.041237113402061855,0.11168384879725086,0.027491408934707903,0.037800687285223365,0.06701030927835051,0.027491408934707903,0.029209621993127148,0.037800687285223365,0.044673539518900345,0.041237113402061855,0.06872852233676977,0.09106529209621993,0.037800687285223365,0.058419243986254296,0.001718213058419244,0.0429553264604811,nuclear
502,55260.9426,0.06573705179282868,69.27051792828706,5.442867851257325,-0.4215139442231076,0.06772908366533864,0.0398406374501992,0.055776892430278883,0.07569721115537849,0.0398406374501992,0.053784860557768925,0.013944223107569721,0.029880478087649404,0.049800796812749,0.09362549800796813,0.021912350597609563,0.00796812749003984,0.07768924302788845,0.043824701195219126,0.061752988047808766,0.13346613545816732,0.061752988047808766,0.045816733067729085,0.021912350597609563,0.00398406374501992,nuclear
515,58684.4712,0.10097087378640776,47.40097087378648,7.415294456481934,-0.32271844660194177,0.05242718446601942,0.031067961165048542,0.04854368932038835,0.06796116504854369,0.04466019417475728,0.06407766990291262,0.011650485436893204,0.05242718446601942,0.062135922330097085,0.11067961165048544,0.02524271844660194,0.040776699029126215,0.02912621359223301,0.06019417475728155,0.05631067961165048,0.09320388349514563,0.04271844660194175,0.05048543689320388,0.019417475728155338,0.036893203883495145,nuclear
746,83628.5223,0.07372654155495978,60.213418230563285,5.79504222869873,-0.49812332439678286,0.06166219839142091,0.0160857908847185,0.07506702412868632,0.06702412868632708,0.032171581769437,0.06702412868632708,0.030831099195710455,0.020107238605898123,0.03485254691689008,0.1032171581769437,0.0160857908847185,0.01742627345844504,0.08847184986595175,0.040214477211796246,0.08445040214477212,0.07908847184986595,0.03753351206434316,0.0871313672922252,0.01742627345844504,0.024128686327077747,nuclear
423,47707.414300000004,0.08274231678486997,39.97945626477541,5.566890525817871,-0.3860520094562648,0.04964539007092199,0.02127659574468085,0.07565011820330969,0.06619385342789598,0.02127659574468085,0.05200945626477541,0.03309692671394799,0.054373522458628844,0.07565011820330969,0.09219858156028368,0.02364066193853428,0.028368794326241134,0.030732860520094562,0.02364066193853428,0.03546099290780142,0.11583924349881797,0.07092198581560284,0.06855791962174941,0.037825059101654845,0.02364066193853428,nuclear
749,84918.4314,0.0801068090787717,59.21337783711642,5.461908912658691,-0.43057409879839786,0.07209612817089453,0.020026702269692925,0.056074766355140186,0.09612817089452604,0.04539385847797063,0.0520694259012016,0.017356475300400534,0.03337783711615487,0.056074766355140186,0.11882510013351134,0.01602136181575434,0.02403204272363151,0.04672897196261682,0.0534045393858478,0.07209612817089453,0.08411214953271028,0.03871829105473965,0.06275033377837116,0.010680907877169559,0.02403204272363151,nuclear
585,64327.704099999995,0.04102564102564102,81.95811965812007,10.351446723937986,-0.7505982905982906,0.06666666666666667,0.011965811965811967,0.03247863247863248,0.06495726495726496,0.023931623931623933,0.05299145299145299,0.015384615384615385,0.02735042735042735,0.03247863247863248,0.0905982905982906,0.015384615384615385,0.015384615384615385,0.17777777777777778,0.042735042735042736,0.1076923076923077,0.09572649572649573,0.06495726495726496,0.044444444444444446,0.010256410256410256,0.006837606837606838,nuclear
704,78917.7392,0.08806818181818182,33.31664772727281,6.20297565460205,-0.20539772727272732,0.052556818181818184,0.03125,0.05113636363636364,0.06676136363636363,0.045454545454545456,0.07386363636363637,0.026988636363636364,0.06392045454545454,0.061079545454545456,0.09659090909090909,0.032670454545454544,0.046875,0.04261363636363636,0.032670454545454544,0.045454545454545456,0.08096590909090909,0.048295454545454544,0.05823863636363636,0.01278409090909091,0.029829545454545456,nuclear
559,62551.44469999999,0.028622540250447227,60.78944543828281,9.26747531890869,-1.032737030411449,0.07692307692307693,0.005366726296958855,0.06082289803220036,0.09481216457960644,0.012522361359570662,0.044722719141323794,0.014311270125223614,0.028622540250447227,0.08228980322003578,0.1001788908765653,0.016100178890876567,0.03220035778175313,0.07513416815742398,0.04830053667262969,0.09302325581395349,0.10554561717352415,0.06082289803220036,0.03220035778175313,0.007155635062611807,0.008944543828264758,nuclear
321,33783.8154,0.06542056074766354,35.53987538940809,10.182346153259278,-0.480373831775701,0.06853582554517133,0.006230529595015576,0.04361370716510903,0.04672897196261682,0.040498442367601244,0.20249221183800623,0.03426791277258567,0.0529595015576324,0.059190031152647975,0.04361370716510903,0.018691588785046728,0.037383177570093455,0.04672897196261682,0.024922118380062305,0.09034267912772585,0.04984423676012461,0.024922118380062305,0.08411214953271028,0.003115264797507788,0.021806853582554516,nuclear
529,59577.5,0.05103969754253308,37.96427221172019,9.030747413635254,-0.5066162570888468,0.09073724007561437,0.017013232514177693,0.03969754253308128,0.11531190926275993,0.01890359168241966,0.04914933837429111,0.022684310018903593,0.05860113421550094,0.13610586011342155,0.09829867674858223,0.026465028355387523,0.02835538752362949,0.02835538752362949,0.022684310018903593,0.045368620037807186,0.062381852551984876,0.045368620037807186,0.062381852551984876,0.005671077504725898,0.026465028355387523,nuclear
847,94622.1373,0.06257378984651712,52.90687131050799,5.866773033142089,-0.9285714285714286,0.0590318772136954,0.010625737898465172,0.07674144037780402,0.08146399055489964,0.025974025974025976,0.07674144037780402,0.02833530106257379,0.03423848878394333,0.07792207792207792,0.09208972845336481,0.021251475796930343,0.04604486422668241,0.0602125147579693,0.04604486422668241,0.0602125147579693,0.09681227863046045,0.03659976387249114,0.03305785123966942,0.004722550177095631,0.031877213695395513,nuclear
559,61977.948399999994,0.05008944543828265,65.55277280858694,4.832758140563963,-0.6134168157423971,0.08407871198568873,0.016100178890876567,0.0626118067978533,0.1001788908765653,0.025044722719141325,0.06797853309481217,0.01073345259391771,0.03041144901610018,0.04114490161001789,0.10554561717352415,0.03220035778175313,0.028622540250447227,0.06797853309481217,0.059033989266547404,0.07334525939177101,0.08050089445438283,0.044722719141323794,0.044722719141323794,0.008944543828264758,0.016100178890876567,nuclear
856,95049.7942,0.04556074766355141,41.83726635514038,6.107997703552246,-0.427803738317757,0.07710280373831775,0.02102803738317757,0.06658878504672897,0.08294392523364486,0.029205607476635514,0.05957943925233645,0.014018691588785047,0.0514018691588785,0.07359813084112149,0.10630841121495327,0.02453271028037383,0.036214953271028034,0.056074766355140186,0.04205607476635514,0.06775700934579439,0.07009345794392523,0.04088785046728972,0.06425233644859812,0.002336448598130841,0.014018691588785047,nuclear
1626,183264.9577,0.08425584255842558,36.154003690037165,8.143146705627444,-0.6533210332103321,0.05904059040590406,0.010455104551045511,0.07257072570725707,0.07749077490774908,0.04428044280442804,0.06457564575645756,0.015990159901599015,0.04981549815498155,0.11500615006150061,0.07564575645756458,0.020910209102091022,0.04858548585485855,0.04489544895448955,0.033825338253382534,0.03874538745387454,0.07072570725707257,0.05412054120541206,0.06334563345633457,0.011685116851168511,0.028290282902829027,nuclear
478,54388.5064,0.043933054393305436,61.24792887029303,10.322951698303221,-0.9577405857740586,0.09832635983263599,0.0041841004184100415,0.043933054393305436,0.09623430962343096,0.029288702928870293,0.060669456066945605,0.012552301255230125,0.012552301255230125,0.0899581589958159,0.1192468619246862,0.0041841004184100415,0.01882845188284519,0.06276150627615062,0.06694560669456066,0.12552301255230125,0.04811715481171548,0.04184100418410042,0.0502092050209205,0.006276150627615063,0.008368200836820083,nuclear
313,35235.9696,0.07028753993610223,36.527476038338655,10.012987709045408,-0.1268370607028754,0.06070287539936102,0.01597444089456869,0.04792332268370607,0.04153354632587859,0.05750798722044728,0.05750798722044728,0.025559105431309903,0.07348242811501597,0.07987220447284345,0.10862619808306709,0.019169329073482427,0.04472843450479233,0.06389776357827476,0.04153354632587859,0.07348242811501597,0.05750798722044728,0.038338658146964855,0.07987220447284345,0.003194888178913738,0.009584664536741214,nuclear
795,90931.8036,0.07547169811320754,42.53888050314476,7.119106483459473,-0.5135849056603774,0.06666666666666667,0.01761006289308176,0.07044025157232704,0.06666666666666667,0.03018867924528302,0.04779874213836478,0.031446540880503145,0.05408805031446541,0.05911949685534591,0.0930817610062893,0.03018867924528302,0.031446540880503145,0.05408805031446541,0.045283018867924525,0.07672955974842767,0.05786163522012579,0.06037735849056604,0.061635220125786164,0.006289308176100629,0.0389937106918239,nuclear
475,51840.048599999995,0.05473684210526315,50.14402105263164,7.969275474548339,-0.41747368421052633,0.1031578947368421,0.023157894736842106,0.04842105263157895,0.08421052631578947,0.023157894736842106,0.09263157894736843,0.031578947368421054,0.04421052631578947,0.061052631578947365,0.09473684210526316,0.008421052631578947,0.014736842105263158,0.035789473684210524,0.042105263157894736,0.07578947368421053,0.09473684210526316,0.02736842105263158,0.06315789473684211,0.018947368421052633,0.01263157894736842,nuclear
638,71355.91429999999,0.061128526645768025,56.20799373040771,5.415130424499511,-0.9001567398119124,0.05956112852664577,0.0109717868338558,0.0768025078369906,0.07993730407523511,0.025078369905956112,0.06583072100313479,0.0219435736677116,0.032915360501567396,0.05956112852664577,0.0768025078369906,0.032915360501567396,0.05172413793103448,0.03605015673981191,0.05172413793103448,0.06896551724137931,0.12539184952978055,0.045454545454545456,0.04231974921630094,0.003134796238244514,0.032915360501567396,nuclear
198,21118.0112,0.020202020202020204,53.98838383838384,11.999967765808105,-0.5712121212121212,0.09595959595959595,0.0,0.03535353535353535,0.030303030303030304,0.010101010101010102,0.10606060606060606,0.015151515151515152,0.050505050505050504,0.0,0.030303030303030304,0.005050505050505051,0.0,0.18181818181818182,0.04040404040404041,0.1717171717171717,0.06565656565656566,0.03535353535353535,0.11616161616161616,0.010101010101010102,0.0,nuclear
133,15237.045699999999,0.06015037593984962,32.73759398496239,5.546428489685058,-0.7075187969924812,0.05263157894736842,0.022556390977443608,0.045112781954887216,0.12030075187969924,0.03759398496240601,0.05263157894736842,0.03759398496240601,0.03759398496240601,0.06766917293233082,0.08270676691729323,0.045112781954887216,0.045112781954887216,0.03007518796992481,0.045112781954887216,0.06015037593984962,0.06015037593984962,0.08270676691729323,0.05263157894736842,0.0,0.022556390977443608,nuclear
1690,192093.2815,0.07041420118343196,51.59343195266304,6.124083137512206,-0.5105917159763314,0.0650887573964497,0.029585798816568046,0.051479289940828406,0.10059171597633136,0.033136094674556214,0.04437869822485207,0.018343195266272188,0.028402366863905324,0.08284023668639054,0.10177514792899409,0.03017751479289941,0.02603550295857988,0.058579881656804736,0.04319526627218935,0.05917159763313609,0.07869822485207101,0.03964497041420118,0.07159763313609467,0.015384615384615385,0.021893491124260357,nuclear
358,37560.788400000005,0.05027932960893854,58.52013966480445,7.272344398498535,-0.6332402234636872,0.13128491620111732,0.0111731843575419,0.04189944134078212,0.05865921787709497,0.027932960893854747,0.10893854748603352,0.04189944134078212,0.0223463687150838,0.04189944134078212,0.0782122905027933,0.013966480446927373,0.0223463687150838,0.15363128491620112,0.04748603351955307,0.05865921787709497,0.05865921787709497,0.025139664804469275,0.0335195530726257,0.0,0.0223463687150838,nuclear
415,45671.3475,0.10602409638554217,37.88289156626507,5.376252555847168,-0.471566265060241,0.06265060240963856,0.014457831325301205,0.05301204819277108,0.07951807228915662,0.04819277108433735,0.12289156626506025,0.03132530120481928,0.03614457831325301,0.03855421686746988,0.05783132530120482,0.033734939759036145,0.02650602409638554,0.04096385542168675,0.03614457831325301,0.05783132530120482,0.0891566265060241,0.04578313253012048,0.06746987951807229,0.004819277108433735,0.05301204819277108,nuclear
1443,160881.9728,0.08385308385308385,41.35807345807374,5.988237953186036,-0.21441441441441444,0.07137907137907137,0.015246015246015246,0.04643104643104643,0.07484407484407485,0.040887040887040885,0.07276507276507277,0.02702702702702703,0.04227304227304227,0.042966042966042964,0.10741510741510742,0.02356202356202356,0.031185031185031187,0.058212058212058215,0.037422037422037424,0.062370062370062374,0.06722106722106722,0.05751905751905752,0.07830907830907831,0.009702009702009701,0.033264033264033266,nuclear
1488,152104.1962,0.007392473118279569,64.62432795698979,9.062788200378417,-0.9094758064516129,0.1478494623655914,0.002688172043010753,0.038306451612903226,0.09408602150537634,0.0020161290322580645,0.07661290322580645,0.004704301075268817,0.010080645161290322,0.11290322580645161,0.041666666666666664,0.009408602150537635,0.013440860215053764,0.09206989247311828,0.05510752688172043,0.033602150537634407,0.1364247311827957,0.06653225806451613,0.05712365591397849,0.002688172043010753,0.002688172043010753,nuclear
2067,228481.8673,0.06144170295113691,56.26620706337723,8.84514293670654,-0.5199322689888728,0.0745041122399613,0.01644895984518626,0.05128205128205128,0.061925495887760036,0.03483309143686502,0.05999032414126754,0.022254475084663765,0.03725205611998065,0.062409288824383166,0.10062893081761007,0.021286889211417512,0.03918722786647315,0.05611998064828253,0.055152394775036286,0.06337687469762941,0.11223996129656506,0.053217223028543786,0.05128205128205128,0.0077406869859700045,0.018867924528301886,nuclear
919,102450.8623,0.1001088139281828,39.73983677910784,5.763553428649902,-0.2202393906420022,0.07072905331882481,0.018498367791077257,0.060935799782372145,0.06637649619151251,0.056583242655059846,0.07725788900979326,0.028291621327529923,0.035908596300326445,0.05223068552774755,0.1044613710554951,0.01958650707290533,0.031556039173014146,0.031556039173014146,0.030467899891186073,0.05331882480957562,0.08705114254624592,0.062023939064200215,0.06964091403699674,0.018498367791077257,0.025027203482045703,nuclear
450,52674.9295,0.13555555555555554,45.90004444444445,9.149304771423342,-0.44688888888888895,0.07111111111111111,0.008888888888888889,0.042222222222222223,0.06888888888888889,0.04666666666666667,0.04888888888888889,0.03333333333333333,0.051111111111111114,0.09777777777777778,0.10888888888888888,0.02666666666666667,0.04666666666666667,0.02666666666666667,0.04,0.04,0.07111111111111111,0.03777777777777778,0.044444444444444446,0.03111111111111111,0.057777777777777775,nuclear
242,28115.186199999996,0.06611570247933884,50.848388429752056,8.535178947448731,-0.5371900826446281,0.045454545454545456,0.049586776859504134,0.05785123966942149,0.07851239669421488,0.024793388429752067,0.0371900826446281,0.049586776859504134,0.05785123966942149,0.09504132231404959,0.11570247933884298,0.02066115702479339,0.04132231404958678,0.028925619834710745,0.03305785123966942,0.06198347107438017,0.05785123966942149,0.05785123966942149,0.045454545454545456,0.012396694214876033,0.028925619834710745,nuclear
582,66897.8447,0.04639175257731959,51.92010309278364,9.572217369079588,-1.0304123711340207,0.05670103092783505,0.00859106529209622,0.05154639175257732,0.11512027491408934,0.022336769759450172,0.041237113402061855,0.01718213058419244,0.058419243986254296,0.15463917525773196,0.06357388316151202,0.018900343642611683,0.03436426116838488,0.03951890034364261,0.037800687285223365,0.06701030927835051,0.07731958762886598,0.05326460481099656,0.058419243986254296,0.00859106529209622,0.015463917525773196,nuclear
567,64550.9483,0.06525573192239859,45.98042328042334,9.78683261871338,-0.28112874779541447,0.05291005291005291,0.026455026455026454,0.029982363315696647,0.0564373897707231,0.04409171075837742,0.042328042328042326,0.026455026455026454,0.05114638447971781,0.09876543209876543,0.12874779541446207,0.024691358024691357,0.04938271604938271,0.03880070546737213,0.06172839506172839,0.054673721340388004,0.07231040564373897,0.054673721340388004,0.06525573192239859,0.008818342151675485,0.012345679012345678,nuclear
1167,131614.9719,0.05227077977720651,51.28080548414772,6.671897315979005,-1.0964867180805484,0.049700085689802914,0.013710368466152529,0.07455012853470437,0.10025706940874037,0.032562125107112254,0.050556983718937444,0.02313624678663239,0.037703513281919454,0.11910882604970009,0.06341045415595545,0.01970865467009426,0.04798628963153385,0.04284490145672665,0.04113110539845758,0.05141388174807198,0.11139674378748929,0.05912596401028278,0.04198800342759212,0.006855184233076264,0.012853470437017995,nuclear
136,15433.632099999999,0.05147058823529412,56.70808823529411,10.749796867370605,-1.0176470588235293,0.11029411764705882,0.014705882352941176,0.03676470588235294,0.0661764705882353,0.03676470588235294,0.051470588235294115,0.007352941176470588,0.014705882352941176,0.125,0.08088235294117647,0.007352941176470588,0.022058823529411766,0.058823529411764705,0.0661764705882353,0.125,0.058823529411764705,0.051470588235294115,0.051470588235294115,0.0,0.014705882352941176,nuclear
847,96557.3055,0.05903187721369539,55.48301062573813,8.533631706237792,-0.8276269185360094,0.07792207792207792,0.008264462809917356,0.06965761511216056,0.1050767414403778,0.03305785123966942,0.05667060212514758,0.01652892561983471,0.031877213695395513,0.10153482880755609,0.09327036599763873,0.014167650531286895,0.01770956316410862,0.03896103896103896,0.0590318772136954,0.08028335301062574,0.0602125147579693,0.043683589138134596,0.06611570247933884,0.010625737898465172,0.015348288075560802,nuclear
895,99365.0199,0.08379888268156424,49.519899441340996,6.957683753967285,-0.08972067039106148,0.060335195530726256,0.01564245810055866,0.05251396648044693,0.048044692737430165,0.04581005586592179,0.06927374301675977,0.02905027932960894,0.06480446927374302,0.05921787709497207,0.11843575418994413,0.0223463687150838,0.04692737430167598,0.04581005586592179,0.041340782122905026,0.03910614525139665,0.09162011173184358,0.049162011173184354,0.06256983240223464,0.01564245810055866,0.0223463687150838,nuclear
2715,305408.6911,0.06629834254143646,49.9850570902398,5.903093147277832,-0.7086556169429098,0.06482504604051566,0.01841620626151013,0.05930018416206261,0.09429097605893186,0.032044198895027624,0.06335174953959484,0.022467771639042358,0.04419889502762431,0.08029465930018416,0.09060773480662983,0.02430939226519337,0.038305709023941065,0.06077348066298342,0.043462246777163906,0.0570902394106814,0.07882136279926336,0.05119705340699816,0.041988950276243095,0.012154696132596685,0.022099447513812154,nuclear
710,80312.5517,0.04225352112676056,63.817605633803055,8.20858211517334,-1.2008450704225353,0.07183098591549296,0.005633802816901409,0.07042253521126761,0.12112676056338029,0.023943661971830985,0.05070422535211268,0.011267605633802818,0.0323943661971831,0.12535211267605634,0.06619718309859154,0.02112676056338028,0.04084507042253521,0.035211267605633804,0.04788732394366197,0.07042253521126761,0.1056338028169014,0.038028169014084505,0.04366197183098591,0.005633802816901409,0.01267605633802817,nuclear
429,46691.236,0.0675990675990676,48.17925407925407,8.90703258514404,-0.08904428904428907,0.11421911421911422,0.02564102564102564,0.04428904428904429,0.05128205128205128,0.037296037296037296,0.07692307692307693,0.03496503496503497,0.016317016317016316,0.039627039627039624,0.14685314685314685,0.011655011655011656,0.018648018648018648,0.06526806526806526,0.04195804195804196,0.07459207459207459,0.07459207459207459,0.027972027972027972,0.0675990675990676,0.004662004662004662,0.02564102564102564,nuclear
248,27479.5159,0.03629032258064516,78.66249999999998,10.22128505706787,-0.8495967741935485,0.10080645161290322,0.012096774193548387,0.028225806451612902,0.07258064516129033,0.012096774193548387,0.06451612903225806,0.036290322580645164,0.016129032258064516,0.04838709677419355,0.0967741935483871,0.016129032258064516,0.012096774193548387,0.056451612903225805,0.08870967741935484,0.10483870967741936,0.13306451612903225,0.03225806451612903,0.04435483870967742,0.016129032258064516,0.008064516129032258,nuclear
422,46671.2799,0.04028436018957346,46.65094786729857,9.789927101135252,-0.826777251184834,0.0924170616113744,0.009478672985781991,0.04976303317535545,0.07819905213270142,0.014218009478672985,0.06635071090047394,0.016587677725118485,0.035545023696682464,0.13744075829383887,0.06398104265402843,0.023696682464454975,0.018957345971563982,0.07819905213270142,0.052132701421800945,0.05924170616113744,0.07109004739336493,0.03317535545023697,0.07345971563981042,0.011848341232227487,0.014218009478672985,nuclear
289,32059.096299999997,0.0657439446366782,68.91733564013839,9.12338848114014,-0.728719723183391,0.08650519031141868,0.03460207612456748,0.01384083044982699,0.0726643598615917,0.02768166089965398,0.06228373702422145,0.02422145328719723,0.010380622837370242,0.058823529411764705,0.07612456747404844,0.03806228373702422,0.06228373702422145,0.09342560553633218,0.0726643598615917,0.06228373702422145,0.08650519031141868,0.02768166089965398,0.05190311418685121,0.0,0.03806228373702422,nuclear
582,65572.4458,0.054982817869415807,43.39280068728526,8.68377857208252,-0.5716494845360824,0.070446735395189,0.020618556701030927,0.054982817869415807,0.08075601374570447,0.022336769759450172,0.054982817869415807,0.027491408934707903,0.037800687285223365,0.09278350515463918,0.09106529209621993,0.029209621993127148,0.044673539518900345,0.048109965635738834,0.048109965635738834,0.05670103092783505,0.06013745704467354,0.04639175257731959,0.08075601374570447,0.00859106529209622,0.024054982817869417,nuclear
560,63132.17109999999,0.06071428571428572,57.45698214285735,4.829859352111816,-0.9114285714285715,0.06607142857142857,0.0035714285714285713,0.09642857142857143,0.11428571428571428,0.03571428571428571,0.06964285714285715,0.023214285714285715,0.02857142857142857,0.07678571428571429,0.10357142857142858,0.017857142857142856,0.019642857142857142,0.05,0.04642857142857143,0.06428571428571428,0.08035714285714286,0.039285714285714285,0.039285714285714285,0.008928571428571428,0.01607142857142857,nuclear
126,13903.580699999999,0.07142857142857142,51.05007936507934,4.9019880294799805,-0.3317460317460318,0.03968253968253968,0.07936507936507936,0.07142857142857142,0.06349206349206349,0.05555555555555555,0.07936507936507936,0.023809523809523808,0.015873015873015872,0.031746031746031744,0.03968253968253968,0.047619047619047616,0.031746031746031744,0.047619047619047616,0.05555555555555555,0.05555555555555555,0.07936507936507936,0.07142857142857142,0.09523809523809523,0.0,0.015873015873015872,nuclear
1905,211195.1795,0.05826771653543307,66.82409973753319,6.219402122497558,-0.639737532808399,0.06666666666666667,0.01784776902887139,0.04304461942257218,0.08713910761154856,0.031496062992125984,0.06194225721784777,0.01994750656167979,0.027821522309711286,0.05721784776902887,0.09448818897637795,0.023097112860892388,0.029921259842519685,0.08766404199475065,0.05616797900262467,0.06404199475065617,0.10026246719160105,0.051443569553805774,0.05301837270341207,0.012073490813648294,0.014698162729658792,nuclear
463,52375.5787,0.05831533477321814,54.53909287257024,9.586335945129392,-0.5384449244060475,0.0755939524838013,0.023758099352051837,0.032397408207343416,0.08855291576673865,0.02591792656587473,0.07775377969762419,0.017278617710583154,0.032397408207343416,0.04967602591792657,0.11447084233261338,0.019438444924406047,0.038876889848812095,0.056155507559395246,0.047516198704103674,0.1101511879049676,0.056155507559395246,0.0367170626349892,0.06479481641468683,0.019438444924406047,0.012958963282937365,nuclear
943,106097.6722,0.07635206786850476,42.33648992576897,6.19729175567627,-0.25588547189819727,0.05832449628844114,0.02014846235418876,0.06362672322375397,0.07953340402969247,0.03923647932131495,0.06362672322375397,0.026511134676564158,0.06362672322375397,0.08377518557794274,0.10922587486744433,0.019088016967126194,0.022269353128313893,0.031813361611876985,0.033934252386002124,0.04772004241781548,0.0784729586426299,0.05408271474019088,0.06786850477200425,0.013785790031813362,0.02332979851537646,nuclear
414,44712.0657,0.04589371980676328,48.55893719806762,5.801976585388183,-0.7644927536231884,0.06038647342995169,0.01932367149758454,0.0748792270531401,0.08454106280193237,0.026570048309178744,0.13043478260869565,0.07246376811594203,0.04830917874396135,0.07729468599033816,0.04830917874396135,0.01932367149758454,0.01932367149758454,0.05555555555555555,0.036231884057971016,0.033816425120772944,0.05555555555555555,0.057971014492753624,0.06038647342995169,0.004830917874396135,0.014492753623188406,nuclear
545,60021.2671,0.07889908256880734,45.32625688073401,5.343513298034667,-0.23431192660550462,0.031192660550458717,0.07155963302752294,0.05504587155963303,0.06788990825688074,0.04036697247706422,0.09174311926605505,0.03669724770642202,0.04036697247706422,0.03486238532110092,0.08623853211009175,0.009174311926605505,0.05321100917431193,0.05688073394495413,0.025688073394495414,0.047706422018348627,0.07155963302752294,0.060550458715596334,0.08073394495412844,0.009174311926605505,0.029357798165137616,nuclear
733,82554.42809999999,0.04911323328785812,64.08226466575745,6.435560798645019,-0.6321964529331515,0.07776261937244201,0.01227830832196453,0.040927694406548434,0.08594815825375171,0.017735334242837655,0.03274215552523874,0.034106412005457026,0.04365620736698499,0.054570259208731244,0.0941336971350614,0.021828103683492497,0.04638472032742155,0.07639836289222374,0.0723055934515689,0.06275579809004093,0.09140518417462483,0.03547066848567531,0.06821282401091405,0.008185538881309686,0.023192360163710776,nuclear
890,97204.2804,0.058426966292134834,61.00696629213522,9.862196159362792,-0.8542696629213484,0.09550561797752809,0.0056179775280898875,0.05056179775280899,0.06404494382022471,0.020224719101123594,0.10449438202247191,0.035955056179775284,0.021348314606741574,0.04719101123595506,0.0898876404494382,0.011235955056179775,0.021348314606741574,0.07640449438202247,0.0348314606741573,0.10786516853932585,0.10112359550561797,0.03932584269662921,0.0348314606741573,0.0056179775280898875,0.03258426966292135,nuclear
765,90724.6472,0.0784313725490196,45.73713725490214,9.33310413360596,-1.2904575163398693,0.05228758169934641,0.01045751633986928,0.07450980392156863,0.1111111111111111,0.03398692810457516,0.03398692810457516,0.03137254901960784,0.047058823529411764,0.17516339869281045,0.06143790849673202,0.02483660130718954,0.047058823529411764,0.048366013071895426,0.03398692810457516,0.054901960784313725,0.040522875816993466,0.03529411764705882,0.0392156862745098,0.01699346405228758,0.027450980392156862,nuclear
905,103049.7947,0.06629834254143646,51.12907182320466,9.40788745880127,-0.9387845303867404,0.06519337016574586,0.008839779005524863,0.049723756906077346,0.09944751381215469,0.027624309392265192,0.05082872928176796,0.023204419889502764,0.0430939226519337,0.13149171270718232,0.06519337016574586,0.022099447513812154,0.03425414364640884,0.04088397790055249,0.041988950276243095,0.057458563535911604,0.09613259668508287,0.04751381215469613,0.056353591160221,0.012154696132596685,0.026519337016574586,nuclear
881,98593.61660000001,0.056753688989784334,54.0013734392738,10.030265235900881,-0.6788876276958002,0.08853575482406356,0.0056753688989784334,0.053348467650397274,0.07150964812712826,0.036322360953461974,0.08286038592508513,0.015891032917139614,0.03518728717366629,0.07832009080590238,0.09988649262202043,0.018161180476730987,0.014755959137343927,0.049943246311010214,0.06469920544835414,0.10329171396140749,0.06242905788876277,0.04426787741203178,0.05448354143019296,0.00340522133938706,0.0170261066969353,nuclear
641,71084.8582,0.07332293291731669,62.92747269890822,6.021431922912597,-0.30951638065522624,0.10920436817472699,0.0093603744149766,0.0530421216848674,0.06708268330733229,0.031201248049921998,0.062402496099843996,0.0249609984399376,0.0171606864274571,0.0171606864274571,0.12636505460218408,0.0187207488299532,0.0218408736349454,0.07956318252730109,0.0499219968798752,0.08892355694227769,0.0655226209048362,0.0452418096723869,0.07020280811232449,0.0124804992199688,0.029641185647425898,nuclear
692,76107.4479,0.07803468208092486,53.11040462427764,5.032319831848144,-1.0026011560693642,0.0953757225433526,0.014450867052023121,0.07803468208092486,0.0968208092485549,0.03901734104046243,0.10404624277456648,0.01878612716763006,0.01878612716763006,0.05491329479768786,0.046242774566473986,0.024566473988439308,0.030346820809248554,0.06791907514450866,0.046242774566473986,0.07514450867052024,0.07225433526011561,0.04190751445086705,0.036127167630057806,0.005780346820809248,0.033236994219653176,nuclear
754,88616.1421,0.04376657824933687,76.83196286472172,10.286913871765137,-1.8831564986737401,0.022546419098143235,0.011936339522546418,0.05702917771883289,0.10477453580901856,0.026525198938992044,0.042440318302387266,0.03183023872679045,0.025198938992042442,0.14323607427055704,0.022546419098143235,0.011936339522546418,0.050397877984084884,0.03713527851458886,0.038461538461538464,0.13793103448275862,0.15649867374005305,0.026525198938992044,0.03580901856763926,0.002652519893899204,0.014588859416445624,nuclear
845,95924.5907,0.05443786982248521,48.808757396449906,6.399695396423341,-0.9537278106508875,0.07337278106508875,0.009467455621301775,0.054437869822485205,0.1242603550295858,0.027218934911242602,0.06745562130177515,0.016568047337278107,0.03550295857988166,0.11952662721893491,0.09349112426035502,0.01775147928994083,0.033136094674556214,0.05088757396449704,0.06745562130177515,0.05325443786982249,0.04142011834319527,0.03905325443786982,0.0485207100591716,0.005917159763313609,0.021301775147928994,nuclear
610,68070.27,0.06065573770491803,47.17409836065585,9.692064094543458,-0.6026229508196722,0.08688524590163935,0.013114754098360656,0.04426229508196721,0.07049180327868852,0.029508196721311476,0.07377049180327869,0.03278688524590164,0.03442622950819672,0.08032786885245902,0.09508196721311475,0.014754098360655738,0.02622950819672131,0.07377049180327869,0.04590163934426229,0.08032786885245902,0.05737704918032787,0.04426229508196721,0.06557377049180328,0.011475409836065573,0.019672131147540985,nuclear
178,19343.477899999998,0.04494382022471911,72.52865168539324,4.552882957458496,-0.2898876404494382,0.08426966292134831,0.028089887640449437,0.056179775280898875,0.12359550561797752,0.0449438202247191,0.07303370786516854,0.028089887640449437,0.02247191011235955,0.033707865168539325,0.0898876404494382,0.028089887640449437,0.02247191011235955,0.056179775280898875,0.03932584269662921,0.05056179775280899,0.07303370786516854,0.056179775280898875,0.0898876404494382,0.0,0.0,nuclear
1129,125965.91880000001,0.07263064658990256,37.80815766164768,5.415812492370605,-0.5649247121346325,0.06643046944198405,0.023029229406554472,0.0637732506643047,0.08060230292294066,0.03720106288751107,0.05934455270150576,0.024800708591674048,0.053144375553587246,0.07263064658990256,0.08060230292294066,0.018600531443755536,0.054030115146147036,0.045172719220549155,0.042515500442869794,0.04162976085031001,0.09477413640389726,0.05491585473870682,0.05137289636846767,0.01682905225863596,0.018600531443755536,nuclear
220,25424.4166,0.08181818181818182,40.8968181818182,10.076295661926267,-0.5704545454545454,0.06818181818181818,0.013636363636363636,0.045454545454545456,0.05454545454545454,0.045454545454545456,0.04090909090909091,0.022727272727272728,0.06818181818181818,0.12727272727272726,0.1,0.013636363636363636,0.00909090909090909,0.04090909090909091,0.06818181818181818,0.07727272727272727,0.07727272727272727,0.045454545454545456,0.045454545454545456,0.004545454545454545,0.031818181818181815,nuclear
58,7004.135200000001,0.06896551724137931,61.73793103448276,9.265412330627441,-1.006896551724138,0.017241379310344827,0.06896551724137931,0.06896551724137931,0.06896551724137931,0.017241379310344827,0.034482758620689655,0.017241379310344827,0.08620689655172414,0.10344827586206896,0.017241379310344827,0.05172413793103448,0.017241379310344827,0.06896551724137931,0.06896551724137931,0.1206896551724138,0.017241379310344827,0.05172413793103448,0.05172413793103448,0.0,0.05172413793103448,nuclear
449,49263.034199999995,0.11358574610244988,32.988641425389744,5.887348747253417,-0.6002227171492205,0.062360801781737196,0.011135857461024499,0.053452115812917596,0.06904231625835189,0.053452115812917596,0.1447661469933185,0.026726057906458798,0.028953229398663696,0.035634743875278395,0.051224944320712694,0.0400890868596882,0.0378619153674833,0.0378619153674833,0.035634743875278395,0.06904231625835189,0.09131403118040089,0.0378619153674833,0.053452115812917596,0.004454342984409799,0.0556792873051225,nuclear
67,7645.042299999999,0.08955223880597016,35.17910447761193,7.64611759185791,0.17462686567164176,0.08955223880597014,0.05970149253731343,0.04477611940298507,0.07462686567164178,0.014925373134328358,0.07462686567164178,0.014925373134328358,0.05970149253731343,0.07462686567164178,0.1791044776119403,0.029850746268656716,0.029850746268656716,0.029850746268656716,0.014925373134328358,0.05970149253731343,0.0,0.029850746268656716,0.04477611940298507,0.014925373134328358,0.05970149253731343,nuclear
857,97667.2583,0.053675612602100346,52.63337222870505,7.32759189605713,-0.7610268378063011,0.07001166861143523,0.014002333722287048,0.056009334889148193,0.11201866977829639,0.03150525087514586,0.05367561260210035,0.026837806301050177,0.028004667444574097,0.09918319719953325,0.12135355892648775,0.024504084014002333,0.029171528588098017,0.043173862310385065,0.046674445740956826,0.06884480746791131,0.06884480746791131,0.038506417736289385,0.045507584597432905,0.005834305717619603,0.01633605600933489,nuclear
283,31833.9539,0.03180212014134275,47.017667844522975,9.937559700012208,-0.47243816254416965,0.0706713780918728,0.014134275618374558,0.045936395759717315,0.0706713780918728,0.0176678445229682,0.028268551236749116,0.01060070671378092,0.0636042402826855,0.12014134275618374,0.12014134275618374,0.01060070671378092,0.03180212014134275,0.07420494699646643,0.04240282685512368,0.0706713780918728,0.07773851590106007,0.04946996466431095,0.06713780918727916,0.01060070671378092,0.0035335689045936395,nuclear
741,80762.4511,0.07017543859649122,47.75062078272624,9.113718223571777,-0.44534412955465585,0.07017543859649122,0.009446693657219974,0.04723346828609987,0.05263157894736842,0.04048582995951417,0.08502024291497975,0.02564102564102564,0.03913630229419703,0.06072874493927125,0.09986504723346828,0.016194331983805668,0.04588394062078273,0.0728744939271255,0.04183535762483131,0.0553306342780027,0.10256410256410256,0.04993252361673414,0.0553306342780027,0.008097165991902834,0.021592442645074223,nuclear
588,68830.9954,0.12244897959183675,41.635544217687105,8.265249824523927,-0.5651360544217687,0.04081632653061224,0.027210884353741496,0.05102040816326531,0.08333333333333333,0.04931972789115646,0.03741496598639456,0.025510204081632654,0.03231292517006803,0.1054421768707483,0.10034013605442177,0.02040816326530612,0.03741496598639456,0.03741496598639456,0.04251700680272109,0.03741496598639456,0.07653061224489796,0.05952380952380952,0.06292517006802721,0.023809523809523808,0.04931972789115646,nuclear
702,79321.8623,0.07977207977207977,62.22706552706582,9.297904396057131,-0.29843304843304846,0.05270655270655271,0.03133903133903134,0.038461538461538464,0.05555555555555555,0.03276353276353276,0.05555555555555555,0.02564102564102564,0.05270655270655271,0.05128205128205128,0.11538461538461539,0.014245014245014245,0.03133903133903134,0.0811965811965812,0.039886039886039885,0.07977207977207977,0.07977207977207977,0.05270655270655271,0.06267806267806268,0.009971509971509971,0.037037037037037035,nuclear
343,37742.81709999999,0.052478134110787174,61.915160349854254,8.983298683166506,-0.8728862973760932,0.06997084548104957,0.03498542274052478,0.037900874635568516,0.07580174927113703,0.02040816326530612,0.08163265306122448,0.014577259475218658,0.0058309037900874635,0.0641399416909621,0.07871720116618076,0.0058309037900874635,0.014577259475218658,0.07871720116618076,0.09329446064139942,0.07580174927113703,0.11370262390670553,0.043731778425655975,0.05830903790087463,0.026239067055393587,0.0058309037900874635,nuclear
385,42440.717599999996,0.051948051948051945,45.88363636363634,8.639037513732912,-0.5449350649350649,0.07012987012987013,0.025974025974025976,0.05454545454545454,0.05974025974025974,0.015584415584415584,0.1038961038961039,0.02857142857142857,0.02857142857142857,0.04935064935064935,0.10909090909090909,0.012987012987012988,0.03116883116883117,0.06233766233766234,0.06233766233766234,0.07792207792207792,0.046753246753246755,0.05974025974025974,0.06493506493506493,0.023376623376623377,0.012987012987012988,nuclear
256,29713.623699999996,0.08203125,31.891796875000008,6.112658500671387,-0.669140625,0.015625,0.0546875,0.07421875,0.078125,0.0390625,0.0546875,0.0234375,0.05078125,0.08203125,0.08984375,0.02734375,0.0546875,0.046875,0.046875,0.05859375,0.05078125,0.05859375,0.05078125,0.0078125,0.03515625,nuclear
645,74191.5053,0.06356589147286822,54.94403100775205,4.9962270736694325,-0.6077519379844961,0.06046511627906977,0.023255813953488372,0.05271317829457364,0.12558139534883722,0.02635658914728682,0.03875968992248062,0.023255813953488372,0.05426356589147287,0.07131782945736434,0.11007751937984496,0.03565891472868217,0.040310077519379844,0.043410852713178294,0.05271317829457364,0.05271317829457364,0.06666666666666667,0.043410852713178294,0.04186046511627907,0.004651162790697674,0.03255813953488372,nuclear
339,39718.2873,0.058997050147492625,60.97790560471976,7.293943214416504,-1.0982300884955754,0.032448377581120944,0.014749262536873156,0.06784660766961652,0.10324483775811209,0.02064896755162242,0.04424778761061947,0.05014749262536873,0.05309734513274336,0.10914454277286136,0.08259587020648967,0.02359882005899705,0.05014749262536873,0.035398230088495575,0.058997050147492625,0.061946902654867256,0.07669616519174041,0.029498525073746312,0.0471976401179941,0.011799410029498525,0.02654867256637168,nuclear
326,36178.445999999996,0.052147239263803685,87.64171779141125,9.23105068206787,-0.5825153374233129,0.09815950920245399,0.024539877300613498,0.03987730061349693,0.09202453987730061,0.018404907975460124,0.09202453987730061,0.012269938650306749,0.006134969325153374,0.015337423312883436,0.13496932515337423,0.012269938650306749,0.006134969325153374,0.049079754601226995,0.049079754601226995,0.1411042944785276,0.0950920245398773,0.03067484662576687,0.049079754601226995,0.009202453987730062,0.024539877300613498,nuclear
244,26719.8021,0.05737704918032787,32.24303278688523,9.279724311828613,-0.08688524590163936,0.06557377049180328,0.01639344262295082,0.04918032786885246,0.04918032786885246,0.03278688524590164,0.0778688524590164,0.02459016393442623,0.04918032786885246,0.06967213114754098,0.10655737704918032,0.02459016393442623,0.03278688524590164,0.06967213114754098,0.03278688524590164,0.05737704918032787,0.06967213114754098,0.045081967213114756,0.10245901639344263,0.00819672131147541,0.01639344262295082,nuclear
570,63251.1849,0.043859649122807015,64.90280701754406,6.703670310974121,-0.5424561403508772,0.07894736842105263,0.028070175438596492,0.054385964912280704,0.07894736842105263,0.02631578947368421,0.0456140350877193,0.012280701754385965,0.03333333333333333,0.06666666666666667,0.09649122807017543,0.015789473684210527,0.01929824561403509,0.06666666666666667,0.08070175438596491,0.06491228070175438,0.08947368421052632,0.056140350877192984,0.06842105263157895,0.010526315789473684,0.007017543859649123,nuclear
259,29822.747699999996,0.05019305019305019,62.49227799227799,10.168356513977049,-1.1131274131274131,0.09266409266409266,0.003861003861003861,0.03861003861003861,0.09266409266409266,0.03088803088803089,0.06177606177606178,0.023166023166023165,0.015444015444015444,0.10810810810810811,0.10810810810810811,0.019305019305019305,0.03088803088803089,0.05019305019305019,0.09266409266409266,0.10810810810810811,0.05019305019305019,0.015444015444015444,0.03861003861003861,0.0,0.019305019305019305,nuclear
291,33756.1463,0.07903780068728522,44.786597938144325,9.486152076721194,-0.6065292096219931,0.06872852233676977,0.006872852233676976,0.054982817869415807,0.0859106529209622,0.037800687285223365,0.058419243986254296,0.044673539518900345,0.030927835051546393,0.048109965635738834,0.10309278350515463,0.024054982817869417,0.024054982817869417,0.044673539518900345,0.020618556701030927,0.12027491408934708,0.048109965635738834,0.061855670103092786,0.07560137457044673,0.010309278350515464,0.030927835051546393,nuclear
1273,145173.3779,0.07776904948939513,51.272356637863666,6.821327018737793,-0.6864100549882168,0.06441476826394343,0.010997643362136685,0.047918303220738416,0.08091123330714847,0.03456402199528672,0.04556166535742341,0.031421838177533384,0.04477611940298507,0.06834249803613511,0.0840534171249018,0.019638648860958365,0.04241948153967007,0.06520031421838178,0.07541241162608013,0.056559308719560095,0.07227022780832679,0.04870384917517675,0.0636292223095051,0.00864100549882168,0.03456402199528672,nuclear
1024,114707.41829999999,0.05859375,58.06162109375034,9.35785999298096,-0.61787109375,0.0654296875,0.029296875,0.03515625,0.0751953125,0.0234375,0.072265625,0.033203125,0.0458984375,0.080078125,0.08984375,0.0205078125,0.0263671875,0.0732421875,0.05078125,0.0693359375,0.0791015625,0.046875,0.048828125,0.0205078125,0.0146484375,nuclear
359,40149.1747,0.10306406685236769,48.35041782729805,6.280333518981934,-0.6128133704735376,0.12256267409470752,0.016713091922005572,0.04735376044568245,0.07799442896935933,0.022284122562674095,0.06685236768802229,0.03064066852367688,0.03064066852367688,0.04178272980501393,0.055710306406685235,0.027855153203342618,0.04178272980501393,0.033426183844011144,0.036211699164345405,0.07242339832869081,0.07520891364902507,0.06128133704735376,0.0584958217270195,0.002785515320334262,0.07799442896935933,nuclear
249,28401.898200000003,0.048192771084337345,41.28835341365462,10.081904411315914,-0.7630522088353414,0.04819277108433735,0.028112449799196786,0.020080321285140562,0.07228915662650602,0.0321285140562249,0.05622489959839357,0.028112449799196786,0.040160642570281124,0.14056224899598393,0.0963855421686747,0.020080321285140562,0.04819277108433735,0.04819277108433735,0.0642570281124498,0.06827309236947791,0.0642570281124498,0.04417670682730924,0.0642570281124498,0.0,0.01606425702811245,nuclear
310,33651.5176,0.05806451612903226,52.702580645161284,8.533954048156737,-0.4445161290322581,0.12580645161290321,0.0064516129032258064,0.035483870967741936,0.07741935483870968,0.02258064516129032,0.08387096774193549,0.01935483870967742,0.016129032258064516,0.035483870967741936,0.11935483870967742,0.0064516129032258064,0.00967741935483871,0.06774193548387097,0.07096774193548387,0.08387096774193549,0.09032258064516129,0.035483870967741936,0.05806451612903226,0.01935483870967742,0.016129032258064516,nuclear
419,47259.6833,0.06443914081145585,52.68639618138425,9.095280265808107,-0.4054892601431981,0.08591885441527446,0.01909307875894988,0.057279236276849645,0.06443914081145585,0.03341288782816229,0.0405727923627685,0.021479713603818614,0.05250596658711217,0.07159904534606205,0.10739856801909307,0.026252983293556086,0.050119331742243436,0.03818615751789976,0.03579952267303103,0.07398568019093078,0.07637231503579953,0.059665871121718374,0.05489260143198091,0.00477326968973747,0.026252983293556086,nuclear
2144,242367.32919999998,0.07555970149253732,42.68168376865701,6.1131700515747065,0.058535447761194,0.061567164179104475,0.017723880597014924,0.04057835820895522,0.07789179104477612,0.0457089552238806,0.032182835820895525,0.025186567164179104,0.06716417910447761,0.07835820895522388,0.14972014925373134,0.022388059701492536,0.03684701492537314,0.04151119402985075,0.049906716417910446,0.02751865671641791,0.07789179104477612,0.04664179104477612,0.07136194029850747,0.008395522388059701,0.021455223880597014,nuclear
154,17569.8524,0.05844155844155844,53.50655844155844,9.637781715393068,-0.7246753246753247,0.07142857142857142,0.05194805194805195,0.045454545454545456,0.03896103896103896,0.025974025974025976,0.05194805194805195,0.01948051948051948,0.012987012987012988,0.032467532467532464,0.11688311688311688,0.012987012987012988,0.032467532467532464,0.06493506493506493,0.1038961038961039,0.11688311688311688,0.06493506493506493,0.06493506493506493,0.03896103896103896,0.012987012987012988,0.01948051948051948,nuclear
473,53193.287599999996,0.048625792811839326,54.950105708245324,10.13051357269287,-0.7587737843551797,0.07610993657505286,0.010570824524312896,0.04439746300211417,0.06976744186046512,0.03382663847780127,0.0824524312896406,0.02748414376321353,0.02748414376321353,0.07822410147991543,0.09302325581395349,0.02959830866807611,0.03171247357293869,0.046511627906976744,0.06976744186046512,0.1014799154334038,0.06553911205073996,0.035940803382663845,0.0613107822410148,0.0021141649048625794,0.012684989429175475,nuclear
252,27923.9367,0.05952380952380952,41.71706349206349,9.754018211364745,-0.36428571428571427,0.09523809523809523,0.011904761904761904,0.047619047619047616,0.07539682539682539,0.047619047619047616,0.07936507936507936,0.011904761904761904,0.06746031746031746,0.08333333333333333,0.08333333333333333,0.01984126984126984,0.03571428571428571,0.04365079365079365,0.027777777777777776,0.0873015873015873,0.047619047619047616,0.06349206349206349,0.05952380952380952,0.003968253968253968,0.007936507936507936,nuclear
184,21849.890699999996,0.08695652173913043,43.17391304347826,9.542819786071778,-0.4516304347826087,0.07065217391304347,0.010869565217391304,0.07608695652173914,0.07065217391304347,0.04891304347826087,0.021739130434782608,0.03260869565217391,0.005434782608695652,0.043478260869565216,0.14673913043478262,0.016304347826086956,0.021739130434782608,0.02717391304347826,0.043478260869565216,0.1358695652173913,0.043478260869565216,0.043478260869565216,0.10326086956521739,0.010869565217391304,0.02717391304347826,nuclear
687,79870.42959999999,0.06986899563318778,52.910786026200995,9.289716911315917,-0.6701601164483261,0.06404657933042213,0.011644832605531296,0.053857350800582245,0.0858806404657933,0.043668122270742356,0.020378457059679767,0.023289665211062592,0.048034934497816595,0.11790393013100436,0.10771470160116449,0.039301310043668124,0.0611353711790393,0.03784570596797671,0.048034934497816595,0.053857350800582245,0.06259097525473072,0.048034934497816595,0.046579330422125184,0.004366812227074236,0.021834061135371178,nuclear
759,85736.5786,0.04874835309617918,48.18194993412408,9.264961051940915,-0.9561264822134388,0.07246376811594203,0.011857707509881422,0.05928853754940711,0.10540184453227931,0.03557312252964427,0.061923583662714096,0.01844532279314888,0.02766798418972332,0.1370223978919631,0.08300395256916997,0.015810276679841896,0.03162055335968379,0.043478260869565216,0.06060606060606061,0.05928853754940711,0.06060606060606061,0.04084321475625823,0.061923583662714096,0.005270092226613966,0.007905138339920948,nuclear
392,43963.34359999999,0.0663265306122449,39.17987244897959,9.071942710876463,-0.3852040816326531,0.06377551020408163,0.025510204081632654,0.04846938775510204,0.07653061224489796,0.03571428571428571,0.058673469387755105,0.04336734693877551,0.06887755102040816,0.12244897959183673,0.07397959183673469,0.02040816326530612,0.02806122448979592,0.03316326530612245,0.025510204081632654,0.03316326530612245,0.08163265306122448,0.05612244897959184,0.07397959183673469,0.017857142857142856,0.012755102040816327,nuclear
580,61124.2013,0.03620689655172414,55.19258620689676,9.128352546691897,-0.4910344827586207,0.09137931034482759,0.013793103448275862,0.032758620689655175,0.06724137931034482,0.01896551724137931,0.05344827586206897,0.013793103448275862,0.022413793103448276,0.08275862068965517,0.08793103448275862,0.008620689655172414,0.034482758620689655,0.034482758620689655,0.04655172413793104,0.03793103448275862,0.2120689655172414,0.056896551724137934,0.06724137931034482,0.006896551724137931,0.010344827586206896,nuclear
272,31078.554899999996,0.08455882352941177,68.295625,9.874703025817869,-0.9279411764705883,0.125,0.003676470588235294,0.04044117647058824,0.10661764705882353,0.04411764705882353,0.0661764705882353,0.022058823529411766,0.014705882352941176,0.058823529411764705,0.07352941176470588,0.011029411764705883,0.014705882352941176,0.05514705882352941,0.04411764705882353,0.1323529411764706,0.058823529411764705,0.04044117647058824,0.04779411764705882,0.014705882352941176,0.025735294117647058,nuclear
262,29600.2255,0.08778625954198473,40.89393129770992,6.458239555358887,-0.6118320610687024,0.05343511450381679,0.007633587786259542,0.08396946564885496,0.061068702290076333,0.026717557251908396,0.07633587786259542,0.030534351145038167,0.03816793893129771,0.08015267175572519,0.05725190839694656,0.03816793893129771,0.026717557251908396,0.061068702290076333,0.030534351145038167,0.05725190839694656,0.06870229007633588,0.04580152671755725,0.09541984732824428,0.015267175572519083,0.04580152671755725,nuclear
334,34802.92109999999,0.059880239520958084,40.012874251496996,10.35209140777588,-0.42275449101796403,0.08383233532934131,0.0029940119760479044,0.041916167664670656,0.041916167664670656,0.02694610778443114,0.20059880239520958,0.02694610778443114,0.041916167664670656,0.059880239520958084,0.05688622754491018,0.014970059880239521,0.023952095808383235,0.03592814371257485,0.03293413173652695,0.08982035928143713,0.0658682634730539,0.029940119760479042,0.08982035928143713,0.008982035928143712,0.023952095808383235,nuclear
456,50714.183600000004,0.05701754385964912,57.82434210526331,9.50826473236084,-0.7550438596491228,0.09429824561403509,0.02850877192982456,0.05263157894736842,0.06798245614035088,0.039473684210526314,0.05043859649122807,0.019736842105263157,0.015350877192982455,0.08991228070175439,0.08552631578947369,0.008771929824561403,0.02631578947368421,0.08552631578947369,0.06140350877192982,0.07894736842105263,0.08552631578947369,0.03289473684210526,0.05921052631578947,0.008771929824561403,0.008771929824561403,nuclear
363,41833.4731,0.11570247933884298,45.52258953168044,6.207124900817871,-0.28236914600550966,0.03856749311294766,0.030303030303030304,0.03856749311294766,0.07713498622589532,0.05509641873278237,0.046831955922865015,0.04132231404958678,0.046831955922865015,0.06611570247933884,0.12396694214876033,0.01928374655647383,0.05509641873278237,0.05509641873278237,0.030303030303030304,0.03305785123966942,0.07713498622589532,0.05234159779614325,0.05234159779614325,0.01652892561983471,0.0440771349862259,nuclear
764,89404.9272,0.06806282722513089,61.469633507853636,5.634926795959472,-1.375261780104712,0.04842931937172775,0.007853403141361256,0.07853403141361257,0.13350785340314136,0.02356020942408377,0.03534031413612566,0.015706806282722512,0.024869109947643978,0.13743455497382198,0.07984293193717278,0.032722513089005235,0.03664921465968586,0.051047120418848166,0.051047120418848166,0.05366492146596859,0.09162303664921466,0.031413612565445025,0.02225130890052356,0.017015706806282723,0.0274869109947644,nuclear
210,24550.932099999998,0.07142857142857142,44.5004761904762,5.6926183700561515,-0.540952380952381,0.04285714285714286,0.009523809523809525,0.05714285714285714,0.1,0.02857142857142857,0.04285714285714286,0.01904761904761905,0.06666666666666667,0.06190476190476191,0.09047619047619047,0.03333333333333333,0.01904761904761905,0.05238095238095238,0.08095238095238096,0.0761904761904762,0.023809523809523808,0.07142857142857142,0.08095238095238096,0.004761904761904762,0.0380952380952381,nuclear
449,49228.9151,0.11358574610244988,32.59977728285078,5.887348747253417,-0.602227171492205,0.0645879732739421,0.011135857461024499,0.053452115812917596,0.06904231625835189,0.0556792873051225,0.14699331848552338,0.026726057906458798,0.0334075723830735,0.035634743875278395,0.04899777282850779,0.0334075723830735,0.042316258351893093,0.0378619153674833,0.0400890868596882,0.06904231625835189,0.08240534521158129,0.035634743875278395,0.0556792873051225,0.004454342984409799,0.053452115812917596,nuclear
730,77514.8594,0.04383561643835616,39.69465753424668,8.844046974182131,-0.34164383561643835,0.08082191780821918,0.00684931506849315,0.03424657534246575,0.0863013698630137,0.03287671232876712,0.1780821917808219,0.0136986301369863,0.05342465753424658,0.0547945205479452,0.057534246575342465,0.0863013698630137,0.04246575342465753,0.052054794520547946,0.019178082191780823,0.07397260273972603,0.043835616438356165,0.019178082191780823,0.05342465753424658,0.00410958904109589,0.00684931506849315,nuclear
128,14173.386299999998,0.0390625,58.30624999999999,8.718527030944824,-0.08984375000000001,0.09375,0.03125,0.0390625,0.0625,0.015625,0.0390625,0.015625,0.0703125,0.078125,0.125,0.015625,0.0390625,0.046875,0.078125,0.046875,0.0625,0.0390625,0.078125,0.0,0.0234375,nuclear
127,14477.9193,0.05511811023622047,45.45196850393701,4.1138017654418935,-0.6740157480314961,0.06299212598425197,0.007874015748031496,0.11811023622047244,0.14173228346456693,0.015748031496062992,0.06299212598425197,0.0,0.07874015748031496,0.03937007874015748,0.08661417322834646,0.03937007874015748,0.03937007874015748,0.05511811023622047,0.031496062992125984,0.06299212598425197,0.023622047244094488,0.047244094488188976,0.047244094488188976,0.007874015748031496,0.031496062992125984,nuclear
808,89033.6463,0.06930693069306931,45.20137376237642,6.443404579162597,-0.09653465346534655,0.10767326732673267,0.0297029702970297,0.053217821782178217,0.054455445544554455,0.03217821782178218,0.06064356435643564,0.03712871287128713,0.02599009900990099,0.038366336633663366,0.125,0.009900990099009901,0.019801980198019802,0.039603960396039604,0.055693069306930694,0.0594059405940594,0.06435643564356436,0.06930693069306931,0.08044554455445545,0.023514851485148515,0.013613861386138614,nuclear
1282,145805.4897,0.0686427457098284,48.265304212168815,6.035812187194824,-0.7755070202808113,0.06318252730109204,0.01170046801872075,0.0748829953198128,0.0998439937597504,0.039781591263650544,0.06396255850234009,0.0265210608424337,0.046801872074883,0.1029641185647426,0.08580343213728549,0.0265210608424337,0.033541341653666144,0.0436817472698908,0.042901716068642744,0.056162246489859596,0.06396255850234009,0.0390015600624025,0.0499219968798752,0.0078003120124804995,0.02106084243369735,nuclear
1209,127349.84969999999,0.03639371381306865,62.08536807278778,8.844756126403809,-0.7708023159636063,0.10504549214226634,0.015715467328370553,0.06120760959470637,0.06617038875103391,0.026468155500413565,0.10339123242349049,0.01902398676592225,0.01488833746898263,0.06120760959470637,0.07196029776674938,0.009925558312655087,0.010752688172043012,0.08850289495450786,0.04714640198511166,0.07775020678246485,0.12324234904880066,0.043010752688172046,0.04466501240694789,0.005789909015715467,0.0041356492969396195,nuclear
685,75597.81139999999,0.0364963503649635,71.14379562043823,9.787670707702635,-1.2070072992700729,0.049635036496350364,0.00291970802919708,0.032116788321167884,0.10510948905109489,0.016058394160583942,0.08175182481751825,0.02335766423357664,0.027737226277372264,0.10364963503649635,0.04817518248175182,0.024817518248175182,0.026277372262773723,0.0948905109489051,0.0364963503649635,0.08467153284671533,0.1386861313868613,0.035036496350364967,0.04817518248175182,0.00145985401459854,0.01897810218978102,nuclear
733,81746.4602,0.06548431105047749,53.40601637107794,8.10975208282471,-0.3888130968622101,0.08594815825375171,0.0286493860845839,0.04638472032742155,0.06821282401091405,0.034106412005457026,0.04638472032742155,0.03547066848567531,0.05320600272851296,0.06957708049113233,0.08458390177353342,0.02592087312414734,0.054570259208731244,0.05184174624829468,0.03819918144611187,0.0504774897680764,0.07639836289222374,0.0572987721691678,0.061391541609822645,0.0068212824010914054,0.02455661664392906,nuclear
518,58414.491799999996,0.08687258687258688,38.15289575289576,9.183795356750487,-0.28513513513513516,0.05791505791505792,0.011583011583011582,0.059845559845559844,0.05405405405405406,0.03861003861003861,0.06177606177606178,0.03088803088803089,0.06177606177606178,0.07915057915057915,0.10038610038610038,0.017374517374517374,0.02895752895752896,0.04247104247104247,0.03088803088803089,0.059845559845559844,0.07915057915057915,0.059845559845559844,0.07722007722007722,0.005791505791505791,0.04247104247104247,nuclear
325,36349.996900000006,0.055384615384615386,55.082769230769244,9.399377632141114,-0.6744615384615386,0.08923076923076922,0.024615384615384615,0.046153846153846156,0.06153846153846154,0.015384615384615385,0.06461538461538462,0.036923076923076927,0.024615384615384615,0.052307692307692305,0.08615384615384615,0.027692307692307693,0.015384615384615385,0.07692307692307693,0.06153846153846154,0.09230769230769231,0.08,0.046153846153846156,0.05846153846153846,0.012307692307692308,0.027692307692307693,nuclear
773,86044.1028,0.06338939197930142,56.84477360931457,5.680682182312012,-0.7085381630012937,0.05821474773609314,0.018111254851228976,0.06338939197930142,0.09961190168175937,0.03363518758085381,0.07115135834411385,0.02069857697283312,0.029754204398447608,0.08538163001293661,0.08279430789133248,0.02069857697283312,0.028460543337645538,0.07373868046571798,0.03363518758085381,0.056921086675291076,0.08667529107373868,0.040103492884864166,0.06727037516170763,0.00646830530401035,0.02328589909443726,nuclear
470,53219.225099999996,0.07659574468085106,42.65978723404254,7.775999259948731,-0.41000000000000003,0.06595744680851064,0.04042553191489362,0.04042553191489362,0.06595744680851064,0.036170212765957444,0.05319148936170213,0.02553191489361702,0.06595744680851064,0.06595744680851064,0.09574468085106383,0.02127659574468085,0.05531914893617021,0.03404255319148936,0.0851063829787234,0.04468085106382979,0.06808510638297872,0.05106382978723404,0.04468085106382979,0.006382978723404255,0.03404255319148936,nuclear
163,18819.451100000002,0.09815950920245399,37.00865030674847,6.890159034729005,-0.14969325153374236,0.06748466257668712,0.049079754601226995,0.03680981595092025,0.09202453987730061,0.049079754601226995,0.05521472392638037,0.024539877300613498,0.049079754601226995,0.03067484662576687,0.12883435582822086,0.012269938650306749,0.03067484662576687,0.018404907975460124,0.03680981595092025,0.09815950920245399,0.05521472392638037,0.05521472392638037,0.06134969325153374,0.006134969325153374,0.04294478527607362,nuclear
551,61172.2235,0.05626134301270417,51.891470054446565,9.782642173767087,-0.47150635208711433,0.0852994555353902,0.018148820326678767,0.032667876588021776,0.06715063520871144,0.023593466424682397,0.0780399274047187,0.030852994555353903,0.019963702359346643,0.036297640653357534,0.13430127041742287,0.009074410163339383,0.02722323049001815,0.07622504537205081,0.047186932849364795,0.10344827586206896,0.07078039927404718,0.04900181488203267,0.05807622504537205,0.010889292196007259,0.021778584392014518,nuclear
1077,122489.66619999998,0.08170844939647168,56.253955431755166,5.095183753967285,-0.5154131847725163,0.06778087279480037,0.018570102135561744,0.051996285979572884,0.09563602599814298,0.031569173630454965,0.03899721448467967,0.02135561745589601,0.04456824512534819,0.055710306406685235,0.09749303621169916,0.025998142989786442,0.04456824512534819,0.04828226555246054,0.056638811513463325,0.0510677808727948,0.0947075208913649,0.04456824512534819,0.060352831940575676,0.012999071494893221,0.03714020427112349,nuclear
306,34851.5411,0.058823529411764705,44.761797385620895,10.096538734436034,-1.15,0.0784313725490196,0.0032679738562091504,0.06209150326797386,0.06535947712418301,0.032679738562091505,0.0718954248366013,0.013071895424836602,0.00980392156862745,0.1437908496732026,0.08169934640522876,0.029411764705882353,0.029411764705882353,0.05228758169934641,0.0784313725490196,0.08169934640522876,0.05555555555555555,0.03594771241830065,0.049019607843137254,0.006535947712418301,0.0196078431372549,nuclear
306,35582.448,0.08169934640522876,40.24869281045751,10.00196361541748,-0.6836601307189543,0.03594771241830065,0.00980392156862745,0.06209150326797386,0.05228758169934641,0.0457516339869281,0.05228758169934641,0.02287581699346405,0.05228758169934641,0.15359477124183007,0.11437908496732026,0.03594771241830065,0.049019607843137254,0.042483660130718956,0.013071895424836602,0.06862745098039216,0.05555555555555555,0.05555555555555555,0.042483660130718956,0.0,0.03594771241830065,nuclear
851,94085.9969,0.057579318448883664,59.76133960047032,10.011827278137208,-0.4500587544065805,0.07520564042303172,0.01527614571092832,0.036427732079905996,0.05170387779083431,0.03525264394829612,0.06227967097532315,0.03407755581668625,0.0399529964747356,0.07520564042303172,0.09518213866039953,0.01410105757931845,0.023501762632197415,0.06933019976498238,0.05170387779083431,0.07403055229142186,0.10223266745005875,0.05170387779083431,0.07050528789659224,0.008225616921269096,0.01410105757931845,nuclear
101,11528.485299999998,0.019801980198019802,27.91188118811881,9.390867805480958,-0.39603960396039606,0.0891089108910891,0.019801980198019802,0.04950495049504951,0.09900990099009901,0.009900990099009901,0.039603960396039604,0.0297029702970297,0.0594059405940594,0.12871287128712872,0.12871287128712872,0.0297029702970297,0.019801980198019802,0.019801980198019802,0.04950495049504951,0.06930693069306931,0.0297029702970297,0.039603960396039604,0.07920792079207921,0.009900990099009901,0.0,nuclear
445,51401.6136,0.0898876404494382,34.77348314606741,9.298806953430176,-0.5114606741573033,0.058426966292134834,0.024719101123595506,0.06292134831460675,0.056179775280898875,0.04044943820224719,0.0449438202247191,0.038202247191011236,0.058426966292134834,0.0853932584269663,0.06292134831460675,0.03146067415730337,0.04044943820224719,0.0449438202247191,0.03146067415730337,0.07191011235955057,0.060674157303370786,0.058426966292134834,0.07865168539325842,0.017977528089887642,0.03146067415730337,nuclear
485,53319.615999999995,0.07835051546391752,34.93484536082474,6.920511054992676,-0.26824742268041235,0.0865979381443299,0.018556701030927835,0.07010309278350516,0.041237113402061855,0.026804123711340205,0.08041237113402062,0.0288659793814433,0.03505154639175258,0.04329896907216495,0.10515463917525773,0.008247422680412371,0.01443298969072165,0.04329896907216495,0.04742268041237113,0.06597938144329897,0.09690721649484536,0.05979381443298969,0.07628865979381444,0.032989690721649485,0.018556701030927835,nuclear
547,61588.7816,0.062157221206581355,45.643711151736795,9.33961544036865,-0.27257769652650826,0.07861060329067641,0.014625228519195612,0.04570383912248629,0.0712979890310786,0.04021937842778794,0.054844606946983544,0.031078610603290677,0.03656307129798903,0.06581352833638025,0.1480804387568556,0.014625228519195612,0.021937842778793418,0.06398537477148081,0.04936014625228519,0.07861060329067641,0.05850091407678245,0.038391224862888484,0.06581352833638025,0.0018281535648994515,0.02010968921389397,nuclear
651,74106.45259999999,0.10138248847926266,49.52001536098321,5.395918846130371,-0.10937019969278036,0.053763440860215055,0.021505376344086023,0.06912442396313365,0.059907834101382486,0.0629800307219662,0.041474654377880185,0.021505376344086023,0.06144393241167435,0.05837173579109063,0.11827956989247312,0.02304147465437788,0.0445468509984639,0.05683563748079877,0.03840245775729647,0.0445468509984639,0.06912442396313365,0.05069124423963134,0.06605222734254992,0.009216589861751152,0.029185867895545316,nuclear
180,20462.371700000003,0.1111111111111111,22.484444444444424,8.659216117858886,-0.21166666666666667,0.06666666666666667,0.016666666666666666,0.05,0.06111111111111111,0.044444444444444446,0.07222222222222222,0.03333333333333333,0.05,0.07777777777777778,0.08888888888888889,0.027777777777777776,0.027777777777777776,0.03333333333333333,0.03333333333333333,0.05,0.044444444444444446,0.06666666666666667,0.08888888888888889,0.005555555555555556,0.06111111111111111,nuclear
599,67465.1804,0.0717863105175292,39.88631051752929,9.68639087677002,-0.4357262103505843,0.07011686143572621,0.01001669449081803,0.048414023372287146,0.0667779632721202,0.05175292153589316,0.06176961602671119,0.021702838063439065,0.06844741235392321,0.10851419031719532,0.08848080133555926,0.01669449081803005,0.0333889816360601,0.038397328881469114,0.05676126878130217,0.05676126878130217,0.06844741235392321,0.05175292153589316,0.06176961602671119,0.00667779632721202,0.01335559265442404,nuclear
266,30503.157,0.10902255639097745,54.93838345864662,9.560097312927244,-1.0522556390977444,0.04887218045112782,0.0,0.06766917293233082,0.03759398496240601,0.05263157894736842,0.06015037593984962,0.05263157894736842,0.02631578947368421,0.05263157894736842,0.045112781954887216,0.02631578947368421,0.045112781954887216,0.05263157894736842,0.06390977443609022,0.08270676691729323,0.15037593984962405,0.03383458646616541,0.045112781954887216,0.011278195488721804,0.045112781954887216,nuclear
910,102965.4803,0.08021978021978021,41.52550549450566,8.440797233581545,-0.31142857142857144,0.03076923076923077,0.03296703296703297,0.041758241758241756,0.07142857142857142,0.045054945054945054,0.06263736263736264,0.027472527472527472,0.07472527472527472,0.08241758241758242,0.10989010989010989,0.012087912087912088,0.04945054945054945,0.04945054945054945,0.04725274725274725,0.041758241758241756,0.08241758241758242,0.04945054945054945,0.05384615384615385,0.00989010989010989,0.025274725274725275,nuclear
1156,120952.5594,0.050173010380622836,60.3457006920419,8.938751029968266,-0.33114186851211075,0.08391003460207612,0.01384083044982699,0.0328719723183391,0.03546712802768166,0.03200692041522491,0.0726643598615917,0.018166089965397925,0.03892733564013841,0.03546712802768166,0.07958477508650519,0.019896193771626297,0.03027681660899654,0.1453287197231834,0.03892733564013841,0.04411764705882353,0.12802768166089964,0.0847750865051903,0.04757785467128028,0.004325259515570935,0.01384083044982699,nuclear
1042,117803.40149999999,0.07869481765834932,41.95931861804241,6.123855781555174,-0.32178502879078696,0.0690978886756238,0.01727447216890595,0.05854126679462572,0.08637236084452975,0.044145873320537425,0.05854126679462572,0.02015355086372361,0.061420345489443376,0.08445297504798464,0.09117082533589252,0.03262955854126679,0.036468330134357005,0.044145873320537425,0.03838771593090211,0.04990403071017274,0.05662188099808062,0.044145873320537425,0.07197696737044146,0.0067178502879078695,0.02783109404990403,nuclear
690,77671.9907,0.07391304347826087,51.648115942029165,8.941845512390138,-0.7391304347826086,0.06086956521739131,0.017391304347826087,0.04927536231884058,0.07391304347826087,0.02608695652173913,0.06521739130434782,0.021739130434782608,0.05507246376811594,0.0927536231884058,0.06231884057971015,0.021739130434782608,0.04927536231884058,0.050724637681159424,0.059420289855072465,0.050724637681159424,0.07681159420289856,0.059420289855072465,0.059420289855072465,0.007246376811594203,0.04057971014492753,nuclear
2785,318381.6192,0.07863554757630162,45.76554398563771,7.071645927429199,-0.12718132854578099,0.05816876122082585,0.01651705565529623,0.04380610412926391,0.0836624775583483,0.04488330341113106,0.0362657091561939,0.027648114901256734,0.06391382405745062,0.08545780969479354,0.14183123877917414,0.024775583482944345,0.03375224416517056,0.04093357271095153,0.04488330341113106,0.04021543985637343,0.06391382405745062,0.05350089766606822,0.06211849192100539,0.007899461400359067,0.02585278276481149,nuclear
490,54971.82459999999,0.044897959183673466,49.37636734693883,10.134446144104004,-0.8987755102040816,0.06938775510204082,0.00816326530612245,0.030612244897959183,0.08163265306122448,0.026530612244897958,0.03877551020408163,0.018367346938775512,0.044897959183673466,0.15918367346938775,0.08163265306122448,0.006122448979591836,0.03469387755102041,0.0673469387755102,0.0326530612244898,0.061224489795918366,0.10408163265306122,0.0653061224489796,0.05102040816326531,0.00816326530612245,0.01020408163265306,nuclear
124,13692.897299999999,0.0967741935483871,43.954838709677404,7.620312690734863,0.2758064516129032,0.08870967741935484,0.03225806451612903,0.04032258064516129,0.056451612903225805,0.04032258064516129,0.056451612903225805,0.008064516129032258,0.04032258064516129,0.07258064516129033,0.16129032258064516,0.016129032258064516,0.024193548387096774,0.04032258064516129,0.03225806451612903,0.03225806451612903,0.08870967741935484,0.03225806451612903,0.08064516129032258,0.008064516129032258,0.04838709677419355,nuclear
125,14523.0785,0.096,51.11599999999999,5.039765739440917,-0.7336,0.064,0.072,0.072,0.096,0.032,0.04,0.048,0.048,0.04,0.048,0.024,0.048,0.056,0.056,0.056,0.032,0.056,0.048,0.008,0.056,nuclear
461,52838.5928,0.052060737527114966,62.655791757050025,9.386226081848143,-0.8377440347071583,0.0824295010845987,0.008676789587852495,0.04772234273318872,0.10845986984815618,0.03036876355748373,0.06724511930585683,0.010845986984815618,0.039045553145336226,0.06724511930585683,0.10412147505422993,0.02386117136659436,0.02386117136659436,0.049891540130151846,0.07158351409978309,0.11279826464208242,0.0455531453362256,0.04338394793926247,0.04121475054229935,0.010845986984815618,0.010845986984815618,nuclear
731,83653.9073,0.06566347469220246,52.96155950752411,9.272890663146974,-0.8837209302325582,0.0533515731874145,0.005471956224350205,0.05471956224350205,0.09575923392612859,0.03146374829001368,0.05198358413132695,0.016415868673050615,0.049247606019151846,0.1094391244870041,0.06429548563611491,0.017783857729138167,0.04514363885088919,0.05198358413132695,0.0560875512995896,0.06703146374829001,0.06976744186046512,0.0506155950752394,0.07523939808481532,0.01094391244870041,0.023255813953488372,nuclear
1871,208698.2431,0.05932656333511492,36.97649385355456,8.992840003967284,-0.34933190807055053,0.05718866916087654,0.012827365045430252,0.04489577765900588,0.07963655799037947,0.034206306787814,0.06413682522715125,0.028327097808658473,0.040619989310529125,0.09299839657936933,0.11598075895243186,0.017103153393907,0.02939604489577766,0.04917156600748263,0.046499198289684664,0.04863709246392304,0.07375734901122394,0.0518439337252806,0.08765366114377339,0.00427578834847675,0.02084446819882416,nuclear
365,41192.83,0.03835616438356164,54.919178082191735,10.693322563171385,-1.138904109589041,0.07671232876712329,0.0027397260273972603,0.03287671232876712,0.08493150684931507,0.019178082191780823,0.10136986301369863,0.010958904109589041,0.01643835616438356,0.1095890410958904,0.10136986301369863,0.019178082191780823,0.03561643835616438,0.07397260273972603,0.07397260273972603,0.11232876712328767,0.03287671232876712,0.038356164383561646,0.038356164383561646,0.01643835616438356,0.0027397260273972603,nuclear
869,95212.33009999999,0.06559263521288838,56.219919447641225,8.909224510192871,-0.30978135788262373,0.07364787111622555,0.020713463751438434,0.04372842347525892,0.04487917146144994,0.02761795166858458,0.08285385500575373,0.024165707710011506,0.01380897583429229,0.03222094361334868,0.14614499424626007,0.01380897583429229,0.006904487917146145,0.11392405063291139,0.06444188722669736,0.07019562715765247,0.07479861910241657,0.05638665132336018,0.05178365937859609,0.02531645569620253,0.012658227848101266,nuclear
756,84468.0433,0.05026455026455026,56.77915343915359,5.8563146591186515,-1.0333333333333334,0.062169312169312166,0.009259259259259259,0.06746031746031746,0.10052910052910052,0.03042328042328042,0.04365079365079365,0.017195767195767195,0.042328042328042326,0.0992063492063492,0.06084656084656084,0.013227513227513227,0.0582010582010582,0.03439153439153439,0.04497354497354497,0.05423280423280423,0.12566137566137567,0.07275132275132275,0.04365079365079365,0.0026455026455026454,0.017195767195767195,nuclear
542,61945.035099999994,0.07195571955719557,50.70057195571965,9.170966148376465,-0.6038745387453874,0.05350553505535055,0.016605166051660517,0.055350553505535055,0.06642066420664207,0.042435424354243544,0.042435424354243544,0.02029520295202952,0.055350553505535055,0.07564575645756458,0.1014760147601476,0.02214022140221402,0.05166051660516605,0.055350553505535055,0.055350553505535055,0.07011070110701106,0.08118081180811808,0.06088560885608856,0.04428044280442804,0.01107011070110701,0.01845018450184502,nuclear
756,87053.983,0.09920634920634921,53.427063492063674,5.601846504211425,-0.5764550264550264,0.04894179894179894,0.007936507936507936,0.05555555555555555,0.09391534391534391,0.0582010582010582,0.047619047619047616,0.03042328042328042,0.04894179894179894,0.06481481481481481,0.09788359788359788,0.018518518518518517,0.04894179894179894,0.04365079365079365,0.051587301587301584,0.05555555555555555,0.0873015873015873,0.042328042328042326,0.056878306878306875,0.007936507936507936,0.03306878306878307,nuclear
707,78576.4525,0.06506364922206506,59.04780763790688,4.797176933288575,-0.76987270155587,0.05374823196605375,0.015558698727015558,0.056577086280056574,0.10608203677510608,0.04101838755304102,0.0594059405940594,0.018387553041018388,0.039603960396039604,0.06506364922206506,0.07779349363507779,0.016973125884016973,0.055162659123055166,0.0891089108910891,0.055162659123055166,0.03818953323903819,0.09052333804809053,0.04667609618104668,0.05091937765205092,0.005657708628005658,0.018387553041018388,nuclear
526,58818.572199999995,0.07224334600760456,67.57321292775688,8.035226631164551,-0.6439163498098859,0.07984790874524715,0.017110266159695818,0.04182509505703422,0.07984790874524715,0.03802281368821293,0.06844106463878327,0.028517110266159697,0.019011406844106463,0.04182509505703422,0.10836501901140684,0.009505703422053232,0.02091254752851711,0.08365019011406843,0.07224334600760456,0.08365019011406843,0.09695817490494296,0.022813688212927757,0.053231939163498096,0.015209125475285171,0.019011406844106463,nuclear
300,33581.4251,0.07666666666666666,70.634,7.888625526428222,-0.746,0.056666666666666664,0.043333333333333335,0.1,0.05,0.043333333333333335,0.05,0.013333333333333334,0.03666666666666667,0.08333333333333333,0.06,0.013333333333333334,0.023333333333333334,0.07666666666666666,0.02666666666666667,0.07333333333333333,0.11,0.056666666666666664,0.05,0.013333333333333334,0.02,nuclear
332,37338.5268,0.030120481927710843,70.3828313253012,4.822811317443848,-1.2990963855421687,0.13855421686746988,0.006024096385542169,0.04216867469879518,0.22590361445783133,0.012048192771084338,0.06626506024096386,0.018072289156626505,0.03614457831325301,0.11144578313253012,0.045180722891566265,0.015060240963855422,0.018072289156626505,0.030120481927710843,0.045180722891566265,0.06626506024096386,0.02710843373493976,0.045180722891566265,0.03313253012048193,0.006024096385542169,0.012048192771084338,nuclear
543,63051.7717,0.07366482504604052,59.880847145488204,7.029130363464354,-1.1443830570902394,0.029465930018416207,0.03867403314917127,0.0718232044198895,0.09944751381215469,0.016574585635359115,0.04604051565377532,0.03683241252302026,0.049723756906077346,0.10313075506445672,0.058931860036832415,0.01289134438305709,0.04788213627992634,0.055248618784530384,0.03683241252302026,0.06629834254143646,0.10313075506445672,0.027624309392265192,0.0423572744014733,0.016574585635359115,0.040515653775322284,nuclear
465,53246.3039,0.08817204301075268,56.103462365591454,7.951159858703613,-0.5361290322580645,0.04946236559139785,0.021505376344086023,0.04516129032258064,0.09032258064516129,0.03225806451612903,0.06451612903225806,0.03225806451612903,0.04516129032258064,0.06666666666666667,0.09032258064516129,0.02795698924731183,0.02795698924731183,0.06236559139784946,0.03225806451612903,0.07311827956989247,0.07741935483870968,0.03655913978494624,0.06881720430107527,0.012903225806451613,0.043010752688172046,nuclear
353,39760.923299999995,0.07365439093484419,42.14447592067987,4.782967185974121,-0.29348441926345614,0.0906515580736544,0.0084985835694051,0.039660056657223795,0.11614730878186968,0.031161473087818695,0.0679886685552408,0.0113314447592068,0.0453257790368272,0.039660056657223795,0.11898016997167139,0.028328611898016998,0.042492917847025496,0.059490084985835696,0.04815864022662889,0.06232294617563739,0.036827195467422094,0.042492917847025496,0.0679886685552408,0.025495750708215296,0.0169971671388102,nuclear
600,68546.02230000001,0.07333333333333333,45.14900000000007,9.322273445129394,-0.4101666666666667,0.065,0.016666666666666666,0.04833333333333333,0.08666666666666667,0.05,0.058333333333333334,0.018333333333333333,0.05333333333333334,0.1,0.105,0.03,0.035,0.043333333333333335,0.041666666666666664,0.06833333333333333,0.045,0.045,0.06666666666666667,0.006666666666666667,0.016666666666666666,nuclear
755,86692.0742,0.08741721854304636,42.49805298013257,9.303448677062985,-0.6762913907284769,0.03443708609271523,0.030463576158940398,0.051655629139072845,0.05827814569536424,0.05033112582781457,0.05562913907284768,0.03443708609271523,0.039735099337748346,0.09271523178807947,0.09006622516556291,0.02119205298013245,0.05033112582781457,0.04900662251655629,0.05827814569536424,0.05827814569536424,0.0913907284768212,0.0423841059602649,0.054304635761589407,0.01456953642384106,0.022516556291390728,nuclear
771,87976.7732,0.03631647211413749,65.96407263294448,7.666806983947754,-0.9412451361867705,0.07392996108949416,0.0038910505836575876,0.03761348897535668,0.13748378728923477,0.016861219195849545,0.03631647211413749,0.019455252918287938,0.03372243839169909,0.10765239948119326,0.10376134889753567,0.01556420233463035,0.03631647211413749,0.058365758754863814,0.058365758754863814,0.06874189364461739,0.07392996108949416,0.040207522697795074,0.058365758754863814,0.010376134889753566,0.009079118028534372,nuclear
549,61992.4511,0.05646630236794171,48.406193078324264,9.234338569641114,-0.7069216757741348,0.06375227686703097,0.01639344262295082,0.04371584699453552,0.10018214936247723,0.029143897996357013,0.052823315118397086,0.014571948998178506,0.04918032786885246,0.122040072859745,0.08743169398907104,0.018214936247723135,0.04007285974499089,0.052823315118397086,0.04553734061930783,0.0546448087431694,0.08014571948998178,0.03825136612021858,0.06375227686703097,0.009107468123861567,0.018214936247723135,nuclear
634,73963.655,0.06151419558359621,54.762965299684666,9.521609687805174,-0.7514195583596215,0.056782334384858045,0.011041009463722398,0.07570977917981073,0.07255520504731862,0.02365930599369085,0.03785488958990536,0.031545741324921134,0.055205047318611984,0.10883280757097792,0.09621451104100946,0.03470031545741325,0.033123028391167195,0.03943217665615142,0.04100946372239748,0.08517350157728706,0.0473186119873817,0.050473186119873815,0.061514195583596214,0.00473186119873817,0.033123028391167195,nuclear
455,50645.9393,0.06373626373626375,37.20373626373627,9.183021736145019,-0.26329670329670335,0.08571428571428572,0.01098901098901099,0.054945054945054944,0.06593406593406594,0.04395604395604396,0.06593406593406594,0.01978021978021978,0.06813186813186813,0.08131868131868132,0.1010989010989011,0.024175824175824177,0.03076923076923077,0.03956043956043956,0.046153846153846156,0.06153846153846154,0.05274725274725275,0.06813186813186813,0.05934065934065934,0.002197802197802198,0.017582417582417582,nuclear
184,20996.8341,0.043478260869565216,74.8657608695652,9.780514717102047,-1.266304347826087,0.09782608695652174,0.0,0.02717391304347826,0.13043478260869565,0.021739130434782608,0.04891304347826087,0.010869565217391304,0.016304347826086956,0.14130434782608695,0.059782608695652176,0.043478260869565216,0.016304347826086956,0.08695652173913043,0.06521739130434782,0.08152173913043478,0.07065217391304347,0.021739130434782608,0.03804347826086957,0.005434782608695652,0.016304347826086956,nuclear
719,81122.6457,0.07927677329624477,45.188470097357545,5.7386579513549805,-0.10876216968011129,0.0458970792767733,0.02364394993045897,0.0458970792767733,0.0737134909596662,0.04172461752433936,0.04450625869262865,0.02364394993045897,0.055632823365785816,0.07093184979137691,0.12934631432545202,0.01808066759388039,0.043115438108484005,0.04450625869262865,0.05702364394993046,0.02920723226703755,0.07927677329624479,0.054242002781641166,0.08205841446453407,0.009735744089012517,0.027816411682892908,nuclear
2997,335923.34609999997,0.06439773106439774,57.23648314981669,5.952599906921387,-0.8151151151151151,0.06373039706373039,0.010677344010677344,0.05772439105772439,0.08541875208541876,0.03303303303303303,0.0677344010677344,0.024024024024024024,0.03670337003670337,0.06806806806806807,0.08008008008008008,0.028028028028028028,0.04704704704704705,0.07774441107774441,0.05972639305972639,0.05939272605939273,0.07907907907907907,0.044044044044044044,0.046379713046379716,0.010343677010343676,0.021021021021021023,nuclear
364,41508.885,0.06868131868131869,57.212087912087895,4.837532615661621,-0.3994505494505495,0.07967032967032966,0.01098901098901099,0.03571428571428571,0.14285714285714285,0.03296703296703297,0.054945054945054944,0.01098901098901099,0.038461538461538464,0.04945054945054945,0.12087912087912088,0.027472527472527472,0.02197802197802198,0.0521978021978022,0.0521978021978022,0.07142857142857142,0.054945054945054944,0.03571428571428571,0.07142857142857142,0.019230769230769232,0.016483516483516484,nuclear
257,29426.035600000003,0.042801556420233464,67.79766536964978,9.68336086273193,-1.0821011673151752,0.09727626459143969,0.0038910505836575876,0.05058365758754864,0.11284046692607004,0.027237354085603113,0.038910505836575876,0.007782101167315175,0.019455252918287938,0.1245136186770428,0.08949416342412451,0.01556420233463035,0.04669260700389105,0.03501945525291829,0.06614785992217899,0.08949416342412451,0.058365758754863814,0.042801556420233464,0.058365758754863814,0.007782101167315175,0.007782101167315175,nuclear
1060,117862.68710000001,0.06792452830188679,53.13887735849089,8.919410514831544,-0.5754716981132075,0.06792452830188679,0.017924528301886792,0.06037735849056604,0.0660377358490566,0.033962264150943396,0.0660377358490566,0.016981132075471698,0.038679245283018866,0.08018867924528301,0.09433962264150944,0.018867924528301886,0.03490566037735849,0.0660377358490566,0.040566037735849055,0.06320754716981132,0.08962264150943396,0.05471698113207547,0.05566037735849057,0.011320754716981131,0.022641509433962263,nuclear
713,82015.27160000001,0.0785413744740533,54.82443197755973,5.965672874450684,-0.7572230014025245,0.05049088359046283,0.05049088359046283,0.06732117812061711,0.08555399719495091,0.047685834502103785,0.043478260869565216,0.04067321178120617,0.04488078541374474,0.06732117812061711,0.06591865357643759,0.033660589060308554,0.056100981767180924,0.029453015427769985,0.051893408134642355,0.061711079943899017,0.08976157082748948,0.043478260869565216,0.03927068723702665,0.002805049088359046,0.028050490883590462,nuclear
483,54225.649699999994,0.060041407867494824,39.98364389233953,9.210936546325684,-0.1761904761904762,0.08281573498964803,0.022774327122153208,0.041407867494824016,0.07246376811594203,0.039337474120082816,0.057971014492753624,0.024844720496894408,0.06625258799171843,0.07660455486542443,0.11594202898550725,0.016563146997929608,0.016563146997929608,0.047619047619047616,0.062111801242236024,0.06625258799171843,0.043478260869565216,0.057971014492753624,0.06832298136645963,0.006211180124223602,0.014492753623188406,nuclear
1164,132671.337,0.09106529209621993,52.70224226804153,7.716200065612793,-0.5836769759450172,0.06701030927835051,0.018900343642611683,0.05240549828178694,0.08419243986254296,0.044673539518900345,0.05240549828178694,0.024054982817869417,0.03608247422680412,0.08419243986254296,0.10824742268041238,0.01632302405498282,0.03006872852233677,0.05240549828178694,0.04982817869415808,0.05412371134020619,0.08848797250859107,0.04639175257731959,0.04381443298969072,0.024054982817869417,0.022336769759450172,nuclear
437,51556.0823,0.050343249427917625,79.5096109839819,9.940847587585449,-1.839816933638444,0.04576659038901602,0.002288329519450801,0.09610983981693363,0.12128146453089245,0.016018306636155607,0.10068649885583524,0.02745995423340961,0.020594965675057208,0.05034324942791762,0.04576659038901602,0.020594965675057208,0.020594965675057208,0.07551487414187644,0.013729977116704805,0.21052631578947367,0.05263157894736842,0.02288329519450801,0.02288329519450801,0.004576659038901602,0.029748283752860413,nuclear
1436,162119.51189999998,0.08704735376044567,44.75802228412285,5.313445472717285,-0.05417827298050142,0.07242339832869081,0.028551532033426183,0.04665738161559889,0.07103064066852367,0.034122562674094706,0.05083565459610028,0.026462395543175487,0.05222841225626741,0.035515320334261836,0.13579387186629527,0.025069637883008356,0.037604456824512536,0.04387186629526462,0.052924791086350974,0.04944289693593315,0.06963788300835655,0.05083565459610028,0.06406685236768803,0.014623955431754874,0.0383008356545961,nuclear
758,84426.5188,0.05408970976253298,55.932071240105735,9.769039344787597,-0.7618733509234829,0.06728232189973615,0.009234828496042216,0.04221635883905013,0.07783641160949868,0.03825857519788918,0.06860158311345646,0.022427440633245383,0.027704485488126648,0.10158311345646438,0.09630606860158311,0.01978891820580475,0.030343007915567283,0.07387862796833773,0.051451187335092345,0.06860158311345646,0.08839050131926121,0.05013192612137203,0.05013192612137203,0.0079155672823219,0.0079155672823219,nuclear
510,56547.178799999994,0.08039215686274509,55.175705882353064,6.762726020812988,-0.5092156862745097,0.09019607843137255,0.029411764705882353,0.054901960784313725,0.06470588235294118,0.0392156862745098,0.06666666666666667,0.03137254901960784,0.03333333333333333,0.056862745098039215,0.08431372549019608,0.01764705882352941,0.0392156862745098,0.06470588235294118,0.049019607843137254,0.058823529411764705,0.0803921568627451,0.043137254901960784,0.054901960784313725,0.00784313725490196,0.03333333333333333,nuclear
230,25949.148299999997,0.052173913043478265,83.21526086956518,9.028104209899901,-0.8739130434782608,0.08260869565217391,0.017391304347826087,0.05652173913043478,0.08260869565217391,0.017391304347826087,0.05217391304347826,0.030434782608695653,0.021739130434782608,0.06521739130434782,0.10434782608695652,0.021739130434782608,0.021739130434782608,0.1,0.0391304347826087,0.09565217391304348,0.08260869565217391,0.0391304347826087,0.034782608695652174,0.013043478260869565,0.021739130434782608,nuclear
874,93845.859,0.05148741418764302,61.298512585812674,5.797088432312012,-0.32757437070938217,0.09610983981693363,0.02402745995423341,0.04691075514874142,0.07093821510297482,0.030892448512585814,0.09153318077803203,0.02402745995423341,0.011441647597254004,0.029748283752860413,0.12242562929061784,0.011441647597254004,0.014874141876430207,0.07780320366132723,0.059496567505720827,0.06979405034324943,0.09610983981693363,0.03546910755148741,0.06636155606407322,0.012585812356979404,0.008009153318077803,nuclear
338,39596.3542,0.1390532544378698,28.892041420118343,6.859750175476075,-0.5781065088757397,0.047337278106508875,0.023668639053254437,0.0621301775147929,0.05621301775147929,0.07396449704142012,0.047337278106508875,0.03550295857988166,0.06804733727810651,0.07100591715976332,0.05029585798816568,0.03254437869822485,0.0650887573964497,0.04142011834319527,0.05029585798816568,0.04437869822485207,0.07100591715976332,0.05325443786982249,0.04142011834319527,0.023668639053254437,0.04142011834319527,nuclear
528,58942.902700000006,0.05113636363636363,65.17861742424263,9.203071403503419,-1.0602272727272726,0.05113636363636364,0.013257575757575758,0.06439393939393939,0.06818181818181818,0.026515151515151516,0.08901515151515152,0.03787878787878788,0.028409090909090908,0.06818181818181818,0.06060606060606061,0.030303030303030304,0.05303030303030303,0.0625,0.043560606060606064,0.08522727272727272,0.10037878787878787,0.05113636363636364,0.041666666666666664,0.015151515151515152,0.00946969696969697,nuclear
734,83063.91010000001,0.07901907356948229,54.576430517711294,4.6430864334106445,-0.5967302452316077,0.055858310626702996,0.02316076294277929,0.06403269754768393,0.11444141689373297,0.02861035422343324,0.07084468664850137,0.013623978201634877,0.02861035422343324,0.05313351498637602,0.11307901907356949,0.014986376021798364,0.0326975476839237,0.04495912806539509,0.05449591280653951,0.05449591280653951,0.07901907356948229,0.043596730245231606,0.05994550408719346,0.02861035422343324,0.021798365122615803,nuclear
523,58742.947,0.05736137667304015,58.82982791587013,6.256461143493653,-0.8697896749521989,0.08604206500956023,0.0038240917782026767,0.03824091778202677,0.1147227533460803,0.04397705544933078,0.09369024856596558,0.017208413001912046,0.028680688336520075,0.045889101338432124,0.06692160611854685,0.055449330783938815,0.03824091778202677,0.09177820267686425,0.055449330783938815,0.0994263862332696,0.03441682600382409,0.036328871892925434,0.036328871892925434,0.0019120458891013384,0.011472275334608031,nuclear
366,39336.3081,0.0546448087431694,33.54562841530054,8.014081001281738,0.03606557377049179,0.08743169398907104,0.02459016393442623,0.040983606557377046,0.06284153005464481,0.03551912568306011,0.10655737704918032,0.01639344262295082,0.08469945355191257,0.06284153005464481,0.08196721311475409,0.03278688524590164,0.03278688524590164,0.04644808743169399,0.040983606557377046,0.04644808743169399,0.04371584699453552,0.060109289617486336,0.07377049180327869,0.0,0.01912568306010929,nuclear
1485,171293.2374,0.09831649831649832,50.7907878787882,5.956067085266113,-0.34861952861952866,0.05723905723905724,0.012794612794612794,0.04781144781144781,0.08148148148148149,0.052525252525252523,0.0430976430976431,0.028282828282828285,0.06127946127946128,0.0531986531986532,0.10235690235690235,0.026262626262626262,0.048484848484848485,0.05925925925925926,0.04915824915824916,0.05858585858585859,0.04781144781144781,0.06262626262626263,0.061952861952861954,0.010101010101010102,0.03569023569023569,nuclear
225,26131.149100000002,0.08,45.3631111111111,5.481234169006346,-0.7035555555555556,0.08888888888888889,0.008888888888888889,0.03111111111111111,0.11555555555555555,0.017777777777777778,0.04,0.02666666666666667,0.04888888888888889,0.05333333333333334,0.08888888888888889,0.035555555555555556,0.07111111111111111,0.03111111111111111,0.07555555555555556,0.06222222222222222,0.04888888888888889,0.035555555555555556,0.057777777777777775,0.017777777777777778,0.044444444444444446,nuclear
812,89300.71830000001,0.050492610837438424,57.98092364532051,9.271343421936034,-0.807512315270936,0.0812807881773399,0.007389162561576354,0.054187192118226604,0.07881773399014778,0.02832512315270936,0.07512315270935961,0.01600985221674877,0.029556650246305417,0.09236453201970443,0.08374384236453201,0.013546798029556651,0.03571428571428571,0.07512315270935961,0.05541871921182266,0.06403940886699508,0.07881773399014778,0.05295566502463054,0.05541871921182266,0.0049261083743842365,0.017241379310344827,nuclear
150,17143.1007,0.11333333333333333,31.359333333333314,4.495305061340332,-0.336,0.05333333333333334,0.006666666666666667,0.12,0.07333333333333333,0.05333333333333334,0.07333333333333333,0.013333333333333334,0.05333333333333334,0.05333333333333334,0.10666666666666667,0.03333333333333333,0.02666666666666667,0.02666666666666667,0.02,0.06,0.06,0.04,0.06666666666666667,0.0,0.06,nuclear
268,29320.883700000002,0.05970149253731344,40.05638059701492,9.107077980041506,0.06119402985074626,0.10074626865671642,0.026119402985074626,0.05223880597014925,0.055970149253731345,0.03731343283582089,0.048507462686567165,0.022388059701492536,0.07462686567164178,0.07835820895522388,0.1044776119402985,0.011194029850746268,0.026119402985074626,0.05223880597014925,0.011194029850746268,0.05970149253731343,0.07462686567164178,0.05970149253731343,0.08208955223880597,0.0,0.022388059701492536,nuclear
860,96256.2592,0.053488372093023255,51.38129069767469,8.282656288146974,-0.6372093023255814,0.08372093023255814,0.011627906976744186,0.053488372093023255,0.1058139534883721,0.03488372093023256,0.07325581395348837,0.023255813953488372,0.03488372093023256,0.08255813953488372,0.10930232558139535,0.023255813953488372,0.026744186046511628,0.03488372093023256,0.03372093023255814,0.08139534883720931,0.07906976744186046,0.04186046511627907,0.047674418604651166,0.005813953488372093,0.012790697674418604,nuclear
828,94473.4952,0.08091787439613526,58.679359903381894,5.290766716003417,-0.6136473429951691,0.04830917874396135,0.024154589371980676,0.06884057971014493,0.09057971014492754,0.042270531400966184,0.04830917874396135,0.018115942028985508,0.035024154589371984,0.06038647342995169,0.10990338164251208,0.012077294685990338,0.03743961352657005,0.06521739130434782,0.051932367149758456,0.06884057971014493,0.08816425120772947,0.030193236714975844,0.06159420289855073,0.008454106280193236,0.030193236714975844,nuclear
766,87186.75450000001,0.037859007832898174,62.10953002610989,6.695542335510253,-0.9204960835509138,0.07702349869451697,0.0026109660574412533,0.033942558746736295,0.13446475195822455,0.0195822454308094,0.033942558746736295,0.022193211488250653,0.037859007832898174,0.10704960835509138,0.09660574412532637,0.016971279373368148,0.0391644908616188,0.06005221932114883,0.07049608355091384,0.057441253263707574,0.07441253263707572,0.0391644908616188,0.0587467362924282,0.009138381201044387,0.009138381201044387,nuclear
465,52799.635200000004,0.0881720430107527,40.79720430107526,6.229917335510254,-0.45376344086021503,0.04946236559139785,0.012903225806451613,0.06236559139784946,0.07526881720430108,0.04516129032258064,0.06451612903225806,0.03225806451612903,0.03870967741935484,0.07311827956989247,0.12258064516129032,0.01935483870967742,0.021505376344086023,0.05806451612903226,0.04516129032258064,0.05161290322580645,0.07096774193548387,0.060215053763440864,0.053763440860215055,0.012903225806451613,0.030107526881720432,nuclear
830,94497.69,0.10240963855421686,45.511024096385725,5.64748821258545,-0.25204819277108437,0.051807228915662654,0.03132530120481928,0.05060240963855422,0.08072289156626505,0.05301204819277108,0.046987951807228916,0.02650602409638554,0.060240963855421686,0.07349397590361446,0.10240963855421686,0.01325301204819277,0.04578313253012048,0.03253012048192771,0.03975903614457831,0.033734939759036145,0.08433734939759036,0.06144578313253012,0.06265060240963856,0.018072289156626505,0.03132530120481928,nuclear
171,18641.013300000002,0.07017543859649122,50.72690058479531,4.461372184753418,-0.14619883040935674,0.04678362573099415,0.017543859649122806,0.06432748538011696,0.08187134502923976,0.023391812865497075,0.1111111111111111,0.017543859649122806,0.05263157894736842,0.029239766081871343,0.1111111111111111,0.04093567251461988,0.017543859649122806,0.07602339181286549,0.029239766081871343,0.04093567251461988,0.07017543859649122,0.05847953216374269,0.06432748538011696,0.017543859649122806,0.029239766081871343,nuclear
199,20632.1621,0.03517587939698492,57.383919597989944,9.663375663757325,-0.4793969849246231,0.135678391959799,0.01507537688442211,0.02512562814070352,0.06030150753768844,0.020100502512562814,0.11055276381909548,0.01507537688442211,0.020100502512562814,0.04522613065326633,0.07035175879396985,0.020100502512562814,0.020100502512562814,0.12060301507537688,0.04522613065326633,0.07537688442211055,0.08040201005025126,0.05025125628140704,0.05527638190954774,0.005025125628140704,0.010050251256281407,nuclear
356,38636.6312,0.025280898876404497,74.61011235955066,9.661054801940917,-0.8581460674157303,0.08707865168539326,0.019662921348314606,0.025280898876404494,0.0898876404494382,0.0056179775280898875,0.10393258426966293,0.028089887640449437,0.014044943820224719,0.0702247191011236,0.10393258426966293,0.02247191011235955,0.016853932584269662,0.10955056179775281,0.047752808988764044,0.0898876404494382,0.0702247191011236,0.042134831460674156,0.033707865168539325,0.008426966292134831,0.011235955056179775,nuclear
950,108581.1924,0.10105263157894737,50.64674736842134,7.2582483291625985,-0.6509473684210526,0.06210526315789474,0.016842105263157894,0.06421052631578947,0.06947368421052631,0.049473684210526316,0.06736842105263158,0.02,0.0431578947368421,0.05789473684210526,0.07894736842105263,0.028421052631578948,0.04842105263157895,0.09052631578947369,0.04105263157894737,0.07578947368421053,0.05578947368421053,0.02736842105263158,0.05157894736842105,0.015789473684210527,0.035789473684210524,nuclear
183,20876.2999,0.07650273224043716,70.07486338797814,9.426325416564943,-0.9415300546448088,0.060109289617486336,0.02185792349726776,0.06557377049180328,0.06557377049180328,0.04371584699453552,0.060109289617486336,0.0273224043715847,0.04371584699453552,0.09836065573770492,0.06557377049180328,0.01092896174863388,0.04918032786885246,0.04918032786885246,0.0546448087431694,0.08196721311475409,0.08196721311475409,0.03825136612021858,0.04918032786885246,0.0,0.03278688524590164,nuclear
241,27569.2671,0.04564315352697096,40.233609958506214,9.721655082702636,-1.245643153526971,0.04149377593360996,0.024896265560165973,0.07053941908713693,0.08298755186721991,0.024896265560165973,0.06224066390041494,0.029045643153526972,0.04149377593360996,0.17427385892116182,0.03734439834024896,0.029045643153526972,0.03319502074688797,0.04149377593360996,0.029045643153526972,0.07053941908713693,0.07883817427385892,0.05394190871369295,0.05394190871369295,0.004149377593360996,0.016597510373443983,nuclear
479,54557.289600000004,0.05219206680584551,57.54845511482265,5.501753044128416,-1.022964509394572,0.081419624217119,0.0041753653444676405,0.07933194154488518,0.12734864300626306,0.012526096033402923,0.05636743215031315,0.010438413361169102,0.037578288100208766,0.10438413361169102,0.08768267223382047,0.006263048016701462,0.027139874739039668,0.037578288100208766,0.04592901878914405,0.081419624217119,0.06680584551148225,0.031315240083507306,0.06263048016701461,0.008350730688935281,0.031315240083507306,nuclear
597,70193.06820000001,0.11222780569514239,46.473366834170896,6.918066978454591,-0.4420435510887773,0.08542713567839195,0.018425460636515914,0.04187604690117253,0.11222780569514237,0.05025125628140704,0.031825795644891124,0.021775544388609715,0.05360134003350084,0.08877721943048576,0.10385259631490787,0.03015075376884422,0.021775544388609715,0.023450586264656615,0.04522613065326633,0.06365159128978225,0.06532663316582915,0.03350083752093802,0.04690117252931323,0.02512562814070352,0.03685092127303183,nuclear
253,30446.170000000002,0.07509881422924901,45.25893280632412,10.159588813781735,-1.1332015810276679,0.05928853754940711,0.003952569169960474,0.04743083003952569,0.09090909090909091,0.043478260869565216,0.023715415019762844,0.023715415019762844,0.039525691699604744,0.17391304347826086,0.08300395256916997,0.019762845849802372,0.023715415019762844,0.023715415019762844,0.07905138339920949,0.09486166007905138,0.019762845849802372,0.05533596837944664,0.06324110671936758,0.0,0.03162055335968379,nuclear
556,62002.89039999999,0.06474820143884892,47.035971223021626,8.93011226654053,-0.5737410071942446,0.07913669064748201,0.014388489208633094,0.0539568345323741,0.07733812949640288,0.03597122302158273,0.06474820143884892,0.02158273381294964,0.039568345323741004,0.07733812949640288,0.07553956834532374,0.03237410071942446,0.052158273381294966,0.05755395683453238,0.02877697841726619,0.07014388489208633,0.08093525179856115,0.039568345323741004,0.07014388489208633,0.007194244604316547,0.02158273381294964,nuclear
677,74889.8053,0.053175775480059084,48.543722304283726,5.374320030212403,-0.472082717872969,0.060561299852289516,0.025110782865583457,0.056129985228951254,0.09010339734121123,0.019202363367799114,0.0620384047267356,0.03249630723781388,0.03988183161004431,0.07385524372230429,0.1019202363367799,0.019202363367799114,0.03988183161004431,0.053175775480059084,0.03840472673559823,0.033973412112259974,0.08714918759231906,0.06351550960118169,0.06942392909896603,0.01624815361890694,0.01772525849335303,nuclear
248,26396.2898,0.016129032258064516,45.80927419354839,11.999967765808105,-0.7080645161290322,0.09274193548387097,0.0,0.024193548387096774,0.020161290322580645,0.008064516129032258,0.18951612903225806,0.004032258064516129,0.03225806451612903,0.04838709677419355,0.10887096774193548,0.04435483870967742,0.04032258064516129,0.04435483870967742,0.07258064516129033,0.1532258064516129,0.04032258064516129,0.04032258064516129,0.028225806451612902,0.0,0.008064516129032258,nuclear
1394,157903.1945,0.07890961262553803,45.96686513629871,5.810104560852051,-0.20609756097560977,0.08034433285509325,0.015064562410329985,0.05164992826398852,0.08464849354375897,0.03802008608321377,0.04519368723098996,0.017934002869440458,0.05595408895265423,0.07317073170731707,0.13558106169296988,0.02295552367288379,0.046628407460545196,0.0351506456241033,0.04447632711621234,0.04806312769010043,0.058823529411764705,0.04519368723098996,0.06025824964131994,0.006456241032998565,0.03443328550932568,nuclear
904,102333.8772,0.018805309734513276,141.539048672567,11.835508918762208,-1.658517699115044,0.05530973451327434,0.0011061946902654867,0.023230088495575223,0.06637168141592921,0.011061946902654867,0.025442477876106196,0.01991150442477876,0.017699115044247787,0.11283185840707964,0.029867256637168143,0.00995575221238938,0.018805309734513276,0.1570796460176991,0.03650442477876106,0.1592920353982301,0.1670353982300885,0.04314159292035398,0.03761061946902655,0.00331858407079646,0.004424778761061947,nuclear
957,108803.7867,0.06165099268547545,62.35998955067942,7.1765138626098635,-1.053082549634274,0.08254963427377221,0.00522466039707419,0.04911180773249739,0.11598746081504702,0.02612330198537095,0.04179728317659352,0.02821316614420063,0.02821316614420063,0.10553814002089865,0.054336468129571575,0.04493207941483804,0.03239289446185998,0.04806687565308255,0.04075235109717868,0.05851619644723093,0.10553814002089865,0.06060606060606061,0.03657262277951933,0.013584117032392894,0.0219435736677116,nuclear
380,42592.4916,0.06315789473684211,50.09002631578946,8.796146965026857,-0.5268421052631579,0.08157894736842106,0.015789473684210527,0.042105263157894736,0.1,0.03684210526315789,0.07105263157894737,0.021052631578947368,0.05263157894736842,0.1,0.09473684210526316,0.02631578947368421,0.021052631578947368,0.04473684210526316,0.05263157894736842,0.05789473684210526,0.07105263157894737,0.031578947368421054,0.05263157894736842,0.005263157894736842,0.021052631578947368,nuclear
491,55232.3162,0.059063136456211814,57.627311608961456,4.596648979187012,-0.7810590631364562,0.03054989816700611,0.038696537678207736,0.07331975560081466,0.11405295315682282,0.02240325865580448,0.04276985743380855,0.018329938900203666,0.04073319755600815,0.06313645621181263,0.07331975560081466,0.016293279022403257,0.03665987780040733,0.04684317718940937,0.054989816700611,0.04276985743380855,0.13441955193482688,0.05091649694501019,0.06313645621181263,0.008146639511201629,0.028513238289205704,nuclear
394,44255.4039,0.07106598984771574,53.14060913705584,9.185858345031736,-0.6944162436548224,0.10913705583756345,0.015228426395939087,0.05583756345177665,0.08375634517766498,0.027918781725888325,0.050761421319796954,0.025380710659898477,0.04568527918781726,0.06345177664974619,0.06091370558375635,0.012690355329949238,0.02284263959390863,0.06345177664974619,0.03553299492385787,0.10152284263959391,0.09390862944162437,0.02284263959390863,0.06598984771573604,0.005076142131979695,0.03807106598984772,nuclear
318,35817.903900000005,0.05031446540880503,50.870754716981104,11.777809715270998,-0.8147798742138366,0.04716981132075472,0.0031446540880503146,0.03459119496855346,0.025157232704402517,0.03773584905660377,0.08176100628930817,0.0031446540880503146,0.040880503144654086,0.0880503144654088,0.0880503144654088,0.018867924528301886,0.07547169811320754,0.059748427672955975,0.07232704402515723,0.11320754716981132,0.05660377358490566,0.07861635220125786,0.06289308176100629,0.006289308176100629,0.006289308176100629,nuclear
520,58146.676100000004,0.055769230769230765,75.59578846153866,10.268991661071777,-0.7669230769230769,0.08269230769230769,0.01730769230769231,0.04038461538461539,0.05961538461538462,0.023076923076923078,0.0673076923076923,0.03076923076923077,0.03653846153846154,0.07884615384615384,0.08461538461538462,0.013461538461538462,0.021153846153846155,0.06153846153846154,0.04038461538461539,0.11153846153846154,0.11346153846153846,0.032692307692307694,0.051923076923076926,0.0038461538461538464,0.028846153846153848,nuclear
711,80490.974,0.06610407876230662,41.58298171589322,8.114135932922363,-0.7862165963431786,0.05485232067510549,0.040787623066104076,0.04922644163150492,0.09423347398030943,0.04360056258790436,0.05907172995780591,0.04922644163150492,0.015471167369901548,0.08860759493670886,0.07735583684950774,0.01969057665260197,0.029535864978902954,0.040787623066104076,0.046413502109704644,0.06188466947960619,0.0829817158931083,0.06047819971870605,0.06329113924050633,0.0014064697609001407,0.02109704641350211,nuclear
796,87943.1023,0.04899497487437186,65.1493844221109,8.038514518737792,-0.4528894472361809,0.07663316582914573,0.020100502512562814,0.02763819095477387,0.08165829145728644,0.032663316582914576,0.0414572864321608,0.02135678391959799,0.04020100502512563,0.06909547738693467,0.10050251256281408,0.02512562814070352,0.04271356783919598,0.10804020100502512,0.06155778894472362,0.04396984924623116,0.07914572864321608,0.052763819095477386,0.059045226130653265,0.007537688442211055,0.008793969849246231,nuclear
5596,632812.459,0.0725518227305218,48.756997855609846,5.461113166809082,-0.37088992137240884,0.06290207290922087,0.017512508934953538,0.05378842030021444,0.08791994281629735,0.03699070764832023,0.05843459614010007,0.02912794853466762,0.040028591851322376,0.05682630450321658,0.12919942816297356,0.023230879199428164,0.03305932809149392,0.04288777698355969,0.0591493924231594,0.052716225875625446,0.0764832022873481,0.04503216583273767,0.0591493924231594,0.016440314510364547,0.019120800571837026,nuclear
392,46513.4054,0.03316326530612245,88.33061224489812,10.022657966613771,-1.4864795918367348,0.0663265306122449,0.02040816326530612,0.07142857142857142,0.11989795918367346,0.02295918367346939,0.03316326530612245,0.03826530612244898,0.02040816326530612,0.07908163265306123,0.06887755102040816,0.02295918367346939,0.02040816326530612,0.01020408163265306,0.04081632653061224,0.18112244897959184,0.11734693877551021,0.017857142857142856,0.03826530612244898,0.0,0.01020408163265306,nuclear
2004,225025.34149999998,0.05189620758483034,71.78902694610827,5.501468849182127,-0.9256986027944113,0.046906187624750496,0.023453093812375248,0.046906187624750496,0.1027944111776447,0.019461077844311378,0.05189620758483034,0.021956087824351298,0.03493013972055888,0.06986027944111776,0.0718562874251497,0.030439121756487025,0.0374251497005988,0.08582834331337326,0.06986027944111776,0.053393213572854294,0.11077844311377245,0.04491017964071856,0.04491017964071856,0.006986027944111776,0.025449101796407185,nuclear
657,75665.4572,0.08828006088280062,53.80686453576878,4.923814201354979,-0.6391171993911721,0.0441400304414003,0.0197869101978691,0.0517503805175038,0.1126331811263318,0.0471841704718417,0.0410958904109589,0.0121765601217656,0.0426179604261796,0.0730593607305936,0.1095890410958904,0.0228310502283105,0.0669710806697108,0.0471841704718417,0.0426179604261796,0.045662100456621,0.0730593607305936,0.0639269406392694,0.0426179604261796,0.015220700152207,0.0258751902587519,nuclear
588,68001.80649999999,0.09013605442176871,49.30904761904766,6.930969429016113,-0.6886054421768708,0.08163265306122448,0.011904761904761904,0.04931972789115646,0.12074829931972789,0.04421768707482993,0.05272108843537415,0.022108843537414966,0.04251700680272109,0.09523809523809523,0.09523809523809523,0.02040816326530612,0.02891156462585034,0.04251700680272109,0.03571428571428571,0.07312925170068027,0.04251700680272109,0.04251700680272109,0.05272108843537415,0.006802721088435374,0.0391156462585034,nuclear
2090,213617.05719999998,0.06746411483253588,57.44077511961769,7.148435401916504,-0.2113397129186603,0.1076555023923445,0.006220095693779904,0.02631578947368421,0.04114832535885168,0.05215311004784689,0.0861244019138756,0.01291866028708134,0.022966507177033493,0.045933014354066985,0.06794258373205742,0.01291866028708134,0.026794258373205742,0.0937799043062201,0.04688995215311005,0.021052631578947368,0.1674641148325359,0.0861244019138756,0.06028708133971292,0.004784688995215311,0.010526315789473684,nuclear
885,100829.9852,0.0824858757062147,46.90758192090417,8.676558113098146,-0.6062146892655367,0.07570621468926554,0.015819209039548022,0.05875706214689266,0.07005649717514124,0.04519774011299435,0.0384180790960452,0.021468926553672316,0.04293785310734463,0.0847457627118644,0.09378531073446328,0.020338983050847456,0.03728813559322034,0.0711864406779661,0.06779661016949153,0.05536723163841808,0.06779661016949153,0.04180790960451977,0.05423728813559322,0.00903954802259887,0.02824858757062147,nuclear
370,40763.092599999996,0.07567567567567568,28.41729729729729,6.767500495910644,-0.42756756756756764,0.08378378378378379,0.01891891891891892,0.07027027027027027,0.07027027027027027,0.04864864864864865,0.0918918918918919,0.024324324324324326,0.07027027027027027,0.10540540540540541,0.07567567567567568,0.016216216216216217,0.043243243243243246,0.04594594594594595,0.04054054054054054,0.032432432432432434,0.04594594594594595,0.03513513513513514,0.05405405405405406,0.008108108108108109,0.01891891891891892,nuclear
614,67127.7164,0.04234527687296417,73.82035830618918,9.100695610046387,-0.7983713355048859,0.08469055374592833,0.019543973941368076,0.030944625407166124,0.09771986970684039,0.021172638436482084,0.0749185667752443,0.016286644951140065,0.024429967426710098,0.08143322475570032,0.09609120521172639,0.014657980456026058,0.008143322475570033,0.12214983713355049,0.050488599348534204,0.07003257328990228,0.08469055374592833,0.050488599348534204,0.030944625407166124,0.011400651465798045,0.009771986970684038,nuclear
492,55064.717,0.052845528455284556,60.0398373983741,9.820936393737792,-0.6845528455284553,0.06097560975609756,0.01016260162601626,0.028455284552845527,0.07113821138211382,0.034552845528455285,0.03861788617886179,0.026422764227642278,0.06707317073170732,0.11178861788617886,0.06910569105691057,0.028455284552845527,0.0508130081300813,0.07520325203252033,0.03861788617886179,0.0508130081300813,0.1016260162601626,0.07723577235772358,0.04065040650406504,0.0,0.018292682926829267,nuclear
356,40739.551400000004,0.06179775280898876,42.57696629213483,9.269215965270995,-0.5491573033707865,0.042134831460674156,0.019662921348314606,0.042134831460674156,0.07303370786516854,0.019662921348314606,0.056179775280898875,0.047752808988764044,0.0449438202247191,0.09269662921348315,0.0898876404494382,0.028089887640449437,0.03089887640449438,0.05056179775280899,0.06179775280898876,0.056179775280898875,0.07865168539325842,0.028089887640449437,0.09550561797752809,0.019662921348314606,0.02247191011235955,nuclear
574,65009.0631,0.08188153310104529,70.71116724738694,8.822385597229005,-0.7155052264808363,0.04529616724738676,0.01916376306620209,0.05226480836236934,0.06968641114982578,0.03832752613240418,0.08188153310104529,0.027874564459930314,0.027874564459930314,0.04878048780487805,0.09233449477351917,0.024390243902439025,0.024390243902439025,0.09581881533101046,0.050522648083623695,0.08710801393728224,0.07491289198606271,0.04529616724738676,0.050522648083623695,0.01916376306620209,0.024390243902439025,nuclear
526,59632.8925,0.049429657794676805,78.73252851711044,10.707376670837402,-0.8809885931558936,0.06844106463878327,0.013307984790874524,0.030418250950570342,0.060836501901140684,0.024714828897338403,0.051330798479087454,0.057034220532319393,0.04752851711026616,0.07034220532319392,0.0779467680608365,0.011406844106463879,0.034220532319391636,0.051330798479087454,0.03231939163498099,0.11787072243346007,0.12167300380228137,0.06273764258555133,0.04182509505703422,0.0038022813688212928,0.02091254752851711,nuclear
1341,151859.69439999998,0.020879940343027592,76.99112602535462,6.075485801696778,-1.3445190156599554,0.061148396718866516,0.005219985085756898,0.048471290082028336,0.14839671886651754,0.008948545861297539,0.047725577926920205,0.02162565249813572,0.023117076808351976,0.07158836689038031,0.0686055182699478,0.010439970171513796,0.014168530947054437,0.08128262490678598,0.053691275167785234,0.11185682326621924,0.1133482475764355,0.0529455630126771,0.04548844146159582,0.005965697240865026,0.005965697240865026,nuclear
396,44054.7694,0.08838383838383838,43.57853535353535,5.909629631042479,-0.4083333333333334,0.04292929292929293,0.03282828282828283,0.06565656565656566,0.05303030303030303,0.030303030303030304,0.07828282828282829,0.03282828282828283,0.030303030303030304,0.045454545454545456,0.08838383838383838,0.015151515151515152,0.047979797979797977,0.030303030303030304,0.03282828282828283,0.05303030303030303,0.10606060606060606,0.07323232323232323,0.08333333333333333,0.017676767676767676,0.04040404040404041,nuclear
594,66049.1089,0.05555555555555556,47.16045454545459,9.244460105895993,-0.47070707070707074,0.08417508417508418,0.011784511784511785,0.03198653198653199,0.10101010101010101,0.03367003367003367,0.05555555555555555,0.02356902356902357,0.050505050505050504,0.10942760942760943,0.1026936026936027,0.020202020202020204,0.037037037037037035,0.03535353535353535,0.03198653198653199,0.05218855218855219,0.1026936026936027,0.03367003367003367,0.06060606060606061,0.0016835016835016834,0.020202020202020204,nuclear
1531,174383.0282,0.07772697583278902,40.29177661659071,8.822192192077637,-0.6952971913781842,0.047028086218158065,0.008491182233834096,0.06727629000653168,0.08033964728935336,0.037883736120182886,0.054866100587851074,0.015676028739386023,0.054866100587851074,0.11691704768125408,0.08033964728935336,0.025473546701502287,0.051600261267145654,0.048334421946440234,0.036577400391900716,0.043762246897452645,0.06858262573481384,0.05943827563683867,0.06270411495754409,0.011757021554539516,0.028086218158066622,nuclear
330,37511.6642,0.10606060606060606,44.0521515151515,5.939697456359863,-0.3012121212121212,0.045454545454545456,0.03939393939393939,0.0696969696969697,0.06363636363636363,0.05757575757575758,0.08181818181818182,0.01818181818181818,0.06060606060606061,0.06666666666666667,0.11818181818181818,0.01818181818181818,0.045454545454545456,0.051515151515151514,0.03939393939393939,0.05454545454545454,0.05454545454545454,0.02727272727272727,0.03939393939393939,0.00909090909090909,0.03939393939393939,nuclear
327,37186.435,0.10397553516819572,39.14070336391437,5.843071174621582,-0.24281345565749238,0.045871559633027525,0.04281345565749235,0.07033639143730887,0.06422018348623854,0.0581039755351682,0.07951070336391437,0.01529051987767584,0.0581039755351682,0.0581039755351682,0.11314984709480122,0.021406727828746176,0.039755351681957186,0.05504587155963303,0.03363914373088685,0.06422018348623854,0.045871559633027525,0.039755351681957186,0.04892966360856269,0.009174311926605505,0.03669724770642202,nuclear
439,48948.481700000004,0.04555808656036446,48.13986332574029,5.18930912017822,-0.3621867881548975,0.0683371298405467,0.025056947608200455,0.06378132118451026,0.10250569476082004,0.02733485193621868,0.06378132118451026,0.01366742596810934,0.07972665148063782,0.07289293849658314,0.08656036446469248,0.022779043280182234,0.03416856492027335,0.04555808656036447,0.0387243735763098,0.06150341685649203,0.06150341685649203,0.04555808656036447,0.0683371298405467,0.00683371298405467,0.011389521640091117,nuclear
1432,162459.11570000002,0.06773743016759776,54.58798882681603,5.957147026062012,-0.44015363128491625,0.04748603351955307,0.025139664804469275,0.05865921787709497,0.08449720670391062,0.030726256983240222,0.04958100558659218,0.023743016759776536,0.06005586592178771,0.08170391061452514,0.10544692737430168,0.031424581005586594,0.0446927374301676,0.03840782122905028,0.04189944134078212,0.046089385474860335,0.09008379888268156,0.04818435754189944,0.055167597765363126,0.0111731843575419,0.025837988826815643,nuclear
648,73583.5739,0.06172839506172839,42.61620370370379,9.65067539215088,-0.5598765432098766,0.07098765432098765,0.010802469135802469,0.05246913580246913,0.07098765432098765,0.029320987654320986,0.04938271604938271,0.030864197530864196,0.06018518518518518,0.13580246913580246,0.09567901234567901,0.023148148148148147,0.032407407407407406,0.030864197530864196,0.046296296296296294,0.047839506172839504,0.06944444444444445,0.046296296296296294,0.06481481481481481,0.007716049382716049,0.024691358024691357,nuclear
1749,196040.7955,0.07204116638078903,48.820594625500625,6.270841407775879,-0.009491137793024615,0.06918238993710692,0.024585477415666093,0.046883933676386505,0.0577472841623785,0.030874785591766724,0.04974271012006861,0.029159519725557463,0.04516866781017725,0.04345340194396798,0.15208690680388792,0.02801600914808462,0.022870211549456832,0.04288164665523156,0.058319039451114926,0.050314465408805034,0.08061749571183534,0.06289308176100629,0.06403659233847914,0.012006861063464836,0.029159519725557463,nuclear
403,46461.4409,0.10421836228287841,61.82952853598023,8.838373756408693,-0.8779156327543425,0.04466501240694789,0.01240694789081886,0.06451612903225806,0.07444168734491315,0.034739454094292806,0.05459057071960298,0.022332506203473945,0.03225806451612903,0.07444168734491315,0.06699751861042183,0.01488833746898263,0.03225806451612903,0.05955334987593052,0.034739454094292806,0.0794044665012407,0.11166253101736973,0.05707196029776675,0.05955334987593052,0.02977667493796526,0.03970223325062035,nuclear
132,13903.085,0.022727272727272728,68.27878787878787,11.999967765808105,-0.43030303030303035,0.15151515151515152,0.022727272727272728,0.015151515151515152,0.007575757575757576,0.015151515151515152,0.15151515151515152,0.03787878787878788,0.015151515151515152,0.0,0.09090909090909091,0.015151515151515152,0.0,0.12878787878787878,0.03787878787878788,0.1893939393939394,0.030303030303030304,0.022727272727272728,0.06060606060606061,0.007575757575757576,0.0,nuclear
929,105672.8212,0.07319698600645855,51.8909580193759,9.426132011413575,-0.07168998923573737,0.05059203444564048,0.013993541442411194,0.03767491926803014,0.04843918191603875,0.03444564047362755,0.04198062432723358,0.03336921420882669,0.061356297093649086,0.061356297093649086,0.16254036598493002,0.015069967707212056,0.03982777179763186,0.04090419806243272,0.06350914962325081,0.05382131324004306,0.0861141011840689,0.0527448869752422,0.06350914962325081,0.016146393972012917,0.022604951560818085,nuclear
958,109001.4857,0.06367432150313153,48.74927974947835,6.689574241638184,-0.46555323590814196,0.06576200417536535,0.019832985386221295,0.05636743215031315,0.08455114822546973,0.031315240083507306,0.04384133611691023,0.037578288100208766,0.06784968684759916,0.07306889352818371,0.09498956158663883,0.022964509394572025,0.05010438413361169,0.05010438413361169,0.033402922755741124,0.061586638830897704,0.061586638830897704,0.0511482254697286,0.061586638830897704,0.007306889352818371,0.025052192066805846,nuclear
152,17024.5156,0.07236842105263158,35.417105263157886,8.551296043395997,-0.3190789473684211,0.06578947368421052,0.03289473684210526,0.05263157894736842,0.07236842105263158,0.02631578947368421,0.07236842105263158,0.019736842105263157,0.05921052631578947,0.09868421052631579,0.09868421052631579,0.03289473684210526,0.03289473684210526,0.02631578947368421,0.03289473684210526,0.046052631578947366,0.07236842105263158,0.05263157894736842,0.05921052631578947,0.006578947368421052,0.039473684210526314,nuclear
345,38781.7294,0.08695652173913043,58.24811594202899,8.889948463439943,-0.39710144927536234,0.09855072463768116,0.02318840579710145,0.04057971014492753,0.05507246376811594,0.03188405797101449,0.06666666666666667,0.03768115942028986,0.028985507246376812,0.034782608695652174,0.11014492753623188,0.014492753623188406,0.014492753623188406,0.06666666666666667,0.07246376811594203,0.0782608695652174,0.07536231884057971,0.04057971014492753,0.05507246376811594,0.028985507246376812,0.02608695652173913,nuclear
941,106923.7145,0.06588735387885228,45.06196599362395,8.49379024505615,-0.6425079702444209,0.10520722635494155,0.01487778958554729,0.05526036131774708,0.09351753453772582,0.021253985122210415,0.053134962805526036,0.021253985122210415,0.044633368756641874,0.07545164718384698,0.09139213602550478,0.025504782146652496,0.040382571732199786,0.04994686503719448,0.039319872476089264,0.08076514346439957,0.04675876726886291,0.044633368756641874,0.052072263549415514,0.023379383634431455,0.021253985122210415,nuclear
144,16155.5206,0.0625,47.91319444444444,9.872188758850097,-0.6965277777777777,0.09027777777777778,0.027777777777777776,0.041666666666666664,0.05555555555555555,0.020833333333333332,0.06944444444444445,0.0,0.04861111111111111,0.11805555555555555,0.0625,0.027777777777777776,0.041666666666666664,0.041666666666666664,0.06944444444444445,0.0763888888888889,0.0625,0.041666666666666664,0.0625,0.006944444444444444,0.034722222222222224,nuclear
281,32178.6529,0.11032028469750889,55.03807829181495,8.874347114562987,-0.7953736654804271,0.046263345195729534,0.014234875444839857,0.03914590747330961,0.060498220640569395,0.046263345195729534,0.03914590747330961,0.02491103202846975,0.02491103202846975,0.06405693950177936,0.07473309608540925,0.02491103202846975,0.06405693950177936,0.07473309608540925,0.06405693950177936,0.05338078291814947,0.13167259786476868,0.03558718861209965,0.05338078291814947,0.010676156583629894,0.05338078291814947,nuclear
221,25476.058899999996,0.058823529411764705,133.67149321266987,11.86065158843994,-1.6235294117647059,0.03619909502262444,0.0,0.05429864253393665,0.04072398190045249,0.01809954751131222,0.06787330316742081,0.013574660633484163,0.004524886877828055,0.05429864253393665,0.02262443438914027,0.02262443438914027,0.004524886877828055,0.07692307692307693,0.004524886877828055,0.2398190045248869,0.2171945701357466,0.03167420814479638,0.049773755656108594,0.0,0.04072398190045249,nuclear
1668,196633.1144,0.02877697841726619,64.34358513189474,9.451145744323732,-1.8632494004796163,0.03537170263788969,0.007194244604316547,0.09292565947242207,0.12769784172661872,0.009592326139088728,0.04136690647482014,0.02817745803357314,0.026378896882494004,0.07973621103117506,0.046762589928057555,0.01079136690647482,0.027577937649880094,0.05275779376498801,0.0341726618705036,0.16786570743405277,0.11690647482014388,0.049760191846522785,0.02577937649880096,0.00539568345323741,0.013788968824940047,nuclear
237,26374.3652,0.01687763713080169,82.537552742616,10.865517616271973,-1.4464135021097047,0.06751054852320675,0.012658227848101266,0.04219409282700422,0.0759493670886076,0.004219409282700422,0.06751054852320675,0.012658227848101266,0.029535864978902954,0.13924050632911392,0.0379746835443038,0.016877637130801686,0.008438818565400843,0.0379746835443038,0.04219409282700422,0.1308016877637131,0.18565400843881857,0.046413502109704644,0.029535864978902954,0.008438818565400843,0.004219409282700422,nuclear
205,23586.707599999998,0.03902439024390244,60.95609756097562,7.765934181213379,-0.7521951219512194,0.06829268292682927,0.00975609756097561,0.03414634146341464,0.12682926829268293,0.02926829268292683,0.02926829268292683,0.03414634146341464,0.05365853658536585,0.13170731707317074,0.1024390243902439,0.01951219512195122,0.02926829268292683,0.00975609756097561,0.1073170731707317,0.03414634146341464,0.08292682926829269,0.01951219512195122,0.06829268292682927,0.004878048780487805,0.004878048780487805,nuclear
1130,119698.2431,0.03274336283185841,82.70663716814215,4.291935157775879,-0.32230088495575226,0.0831858407079646,0.019469026548672566,0.036283185840707964,0.13097345132743363,0.020353982300884955,0.08141592920353982,0.017699115044247787,0.020353982300884955,0.017699115044247787,0.1336283185840708,0.016814159292035398,0.012389380530973451,0.1433628318584071,0.03185840707964602,0.0415929203539823,0.08761061946902655,0.04070796460176991,0.05221238938053097,0.0035398230088495575,0.008849557522123894,nuclear
800,92546.64739999999,0.06125,53.25152500000024,9.216416358947754,-0.5351250000000001,0.055,0.01,0.0425,0.10625,0.0375,0.02875,0.02625,0.05625,0.12125,0.12875,0.02375,0.0325,0.04375,0.0425,0.055,0.06375,0.0475,0.055,0.00375,0.02,nuclear
195,21273.1029,0.07179487179487179,44.691333333333326,6.383155250549316,-0.0702564102564103,0.1076923076923077,0.005128205128205128,0.046153846153846156,0.07692307692307693,0.041025641025641026,0.12307692307692308,0.035897435897435895,0.02564102564102564,0.015384615384615385,0.1641025641025641,0.020512820512820513,0.010256410256410256,0.041025641025641026,0.02564102564102564,0.09743589743589744,0.05128205128205128,0.03076923076923077,0.05128205128205128,0.005128205128205128,0.02564102564102564,nuclear
741,83540.95479999999,0.07017543859649122,58.50323886639696,5.467251777648925,-0.2882591093117409,0.0553306342780027,0.02699055330634278,0.04723346828609987,0.09446693657219973,0.0310391363022942,0.04993252361673414,0.0310391363022942,0.05263157894736842,0.0620782726045884,0.1282051282051282,0.016194331983805668,0.02699055330634278,0.07152496626180836,0.04048582995951417,0.04588394062078273,0.07557354925775979,0.044534412955465584,0.06072874493927125,0.012145748987854251,0.02699055330634278,nuclear
204,22655.2619,0.03431372549019608,70.55588235294115,9.452048301696777,-1.115686274509804,0.10784313725490197,0.0,0.024509803921568627,0.1323529411764706,0.00980392156862745,0.058823529411764705,0.0,0.014705882352941176,0.11274509803921569,0.08823529411764706,0.004901960784313725,0.014705882352941176,0.08333333333333333,0.07352941176470588,0.0784313725490196,0.06862745098039216,0.058823529411764705,0.04411764705882353,0.004901960784313725,0.0196078431372549,nuclear
245,26382.6696,0.04489795918367347,32.88122448979591,6.067187309265137,-0.10204081632653063,0.15510204081632653,0.02040816326530612,0.0653061224489796,0.05714285714285714,0.02040816326530612,0.08571428571428572,0.0326530612244898,0.036734693877551024,0.0163265306122449,0.11836734693877551,0.02040816326530612,0.012244897959183673,0.02857142857142857,0.061224489795918366,0.08979591836734693,0.04897959183673469,0.036734693877551024,0.06938775510204082,0.0,0.024489795918367346,nuclear
955,108664.4448,0.07329842931937172,79.724303664922,10.157139015197753,-1.6281675392670159,0.04397905759162304,0.0010471204188481676,0.05445026178010471,0.08691099476439791,0.0356020942408377,0.0806282722513089,0.028272251308900525,0.013612565445026177,0.10471204188481675,0.02931937172774869,0.010471204188481676,0.033507853403141365,0.05340314136125655,0.03769633507853403,0.1193717277486911,0.16335078534031414,0.041884816753926704,0.024083769633507852,0.008376963350785341,0.02931937172774869,nuclear
621,68239.71579999999,0.05636070853462157,60.010000000000204,7.47412281036377,-0.199194847020934,0.043478260869565216,0.027375201288244767,0.05475040257648953,0.04830917874396135,0.030595813204508857,0.03864734299516908,0.017713365539452495,0.05636070853462158,0.05636070853462158,0.10305958132045089,0.027375201288244767,0.02254428341384863,0.09017713365539452,0.040257648953301126,0.04830917874396135,0.14170692431561996,0.057971014492753624,0.06924315619967794,0.004830917874396135,0.020933977455716585,nuclear
876,97169.1183,0.06164383561643836,43.2745547945207,4.680031776428222,-0.09166666666666667,0.09931506849315068,0.026255707762557076,0.0593607305936073,0.0821917808219178,0.026255707762557076,0.04337899543378995,0.014840182648401826,0.05593607305936073,0.04908675799086758,0.11529680365296803,0.0273972602739726,0.04337899543378995,0.04223744292237443,0.06164383561643835,0.0365296803652968,0.05593607305936073,0.04908675799086758,0.07648401826484018,0.0091324200913242,0.026255707762557076,nuclear
923,104202.3624,0.07367280606717226,37.6478006500543,5.352778053283691,0.038136511375947965,0.06717226435536294,0.03466955579631636,0.04983748645720477,0.07367280606717226,0.04008667388949079,0.04333694474539545,0.032502708559046585,0.04550379198266522,0.03791982665222102,0.1419284940411701,0.024918743228602384,0.03358613217768147,0.041170097508125676,0.05417118093174431,0.04875406283856988,0.05742145178764897,0.05742145178764897,0.08234019501625135,0.011917659804983749,0.021668472372697724,nuclear
963,109933.2481,0.07995846313603322,45.45503634475616,5.448210716247559,-0.6599169262720664,0.1059190031152648,0.01557632398753894,0.04984423676012461,0.12045690550363447,0.02596053997923157,0.04569055036344756,0.01557632398753894,0.037383177570093455,0.07580477673935618,0.08411214953271028,0.02596053997923157,0.030114226375908618,0.04776739356178609,0.04569055036344756,0.0695742471443406,0.058151609553478714,0.033229491173416406,0.059190031152647975,0.016614745586708203,0.037383177570093455,nuclear
1157,129543.9441,0.06482281763180639,56.53744165946456,8.361501121520998,-0.4153846153846154,0.09075194468452895,0.016421780466724288,0.03975799481417459,0.09593777009507347,0.029386343993085567,0.05185825410544512,0.015557476231633534,0.03457216940363008,0.07173725151253241,0.10198789974070872,0.023336214347450302,0.015557476231633534,0.0847018150388937,0.04407951598962835,0.07000864304235091,0.056179775280898875,0.04753673292999136,0.07519446845289542,0.00864304235090752,0.02679343128781331,nuclear
449,49187.701,0.0846325167037862,61.499109131403195,9.22834300994873,-0.72271714922049,0.06904231625835189,0.035634743875278395,0.031180400890868598,0.035634743875278395,0.042316258351893093,0.08908685968819599,0.053452115812917596,0.011135857461024499,0.044543429844097995,0.062360801781737196,0.022271714922048998,0.026726057906458798,0.10690423162583519,0.0645879732739421,0.05790645879732739,0.10022271714922049,0.066815144766147,0.0378619153674833,0.011135857461024499,0.031180400890868598,nuclear
330,37157.5659,0.045454545454545456,74.25121212121215,4.997989082336424,-1.0184848484848485,0.030303030303030304,0.030303030303030304,0.030303030303030304,0.1484848484848485,0.01818181818181818,0.06666666666666667,0.02727272727272727,0.015151515151515152,0.05454545454545454,0.05454545454545454,0.03333333333333333,0.02727272727272727,0.05454545454545454,0.06363636363636363,0.06363636363636363,0.12121212121212122,0.06666666666666667,0.06666666666666667,0.012121212121212121,0.015151515151515152,nuclear
1393,154310.35080000001,0.06532663316582915,45.25707824838505,7.964246940612793,-0.4720028715003589,0.06963388370423547,0.008614501076812634,0.061019382627422826,0.06604450825556353,0.02799712849964106,0.06676238334529792,0.014357501794687724,0.05168700646087581,0.07896625987078248,0.09332376166547021,0.02297200287150036,0.05025125628140704,0.04737975592246949,0.04235463029432879,0.05025125628140704,0.08973438621679827,0.05527638190954774,0.06604450825556353,0.012203876525484566,0.02512562814070352,nuclear
379,41177.3735,0.05277044854881266,63.494195250659715,5.970390510559082,-0.23430079155672826,0.13720316622691292,0.023746701846965697,0.04221635883905013,0.079155672823219,0.0158311345646438,0.07387862796833773,0.010554089709762533,0.021108179419525065,0.010554089709762533,0.11873350923482849,0.0079155672823219,0.005277044854881266,0.08179419525065963,0.052770448548812667,0.10290237467018469,0.06860158311345646,0.0395778364116095,0.0712401055408971,0.029023746701846966,0.0079155672823219,nuclear
2624,293881.76170000003,0.028201219512195123,59.49782774390282,5.06125087738037,-0.9605564024390244,0.04763719512195122,0.011051829268292682,0.052591463414634144,0.13605182926829268,0.018673780487804877,0.04496951219512195,0.013338414634146341,0.04573170731707317,0.08460365853658537,0.06707317073170732,0.019817073170731708,0.04954268292682927,0.0625,0.04649390243902439,0.06059451219512195,0.09527439024390244,0.06974085365853659,0.06478658536585366,0.0011432926829268292,0.008384146341463415,nuclear
301,32120.871499999997,0.06312292358803986,56.29966777408637,9.910676383972167,-0.651827242524917,0.10299003322259136,0.019933554817275746,0.026578073089700997,0.053156146179401995,0.023255813953488372,0.12624584717607973,0.023255813953488372,0.006644518272425249,0.036544850498338874,0.07973421926910298,0.013289036544850499,0.019933554817275746,0.10963455149501661,0.053156146179401995,0.09634551495016612,0.07973421926910298,0.03322259136212625,0.05647840531561462,0.006644518272425249,0.03322259136212625,nuclear
611,68557.8516,0.044189852700491,127.47708674304438,11.751635551452637,-1.6031096563011458,0.04091653027823241,0.01309328968903437,0.022913256955810146,0.044189852700491,0.011456628477905073,0.04746317512274959,0.022913256955810146,0.009819967266775777,0.08019639934533551,0.03436988543371522,0.008183306055646482,0.016366612111292964,0.08019639934533551,0.03436988543371522,0.1685761047463175,0.265139116202946,0.05237315875613748,0.014729950900163666,0.004909983633387889,0.027823240589198037,nuclear
1085,110112.97069999999,0.020276497695852536,56.23714285714326,9.94884166717529,-0.29539170506912443,0.16497695852534563,0.004608294930875576,0.022119815668202765,0.03778801843317972,0.014746543778801843,0.08387096774193549,0.012903225806451613,0.025806451612903226,0.03963133640552995,0.08110599078341015,0.012903225806451613,0.02488479262672811,0.1447004608294931,0.07834101382488479,0.047004608294930875,0.0663594470046083,0.07096774193548387,0.06175115207373272,0.0,0.005529953917050691,nuclear
490,53834.287899999996,0.0653061224489796,64.40102040816339,6.188879585266113,-0.8232653061224491,0.05714285714285714,0.018367346938775512,0.0653061224489796,0.0653061224489796,0.0326530612244898,0.0653061224489796,0.02857142857142857,0.03877551020408163,0.07142857142857142,0.06938775510204082,0.02040816326530612,0.044897959183673466,0.09387755102040816,0.036734693877551024,0.04693877551020408,0.1306122448979592,0.04897959183673469,0.0326530612244898,0.01020408163265306,0.022448979591836733,nuclear
420,47441.3349,0.08333333333333334,67.1928809523811,9.007925605773927,-0.6866666666666668,0.04047619047619048,0.014285714285714285,0.05238095238095238,0.05,0.03571428571428571,0.04047619047619048,0.0380952380952381,0.04523809523809524,0.06666666666666667,0.0761904761904762,0.02142857142857143,0.02857142857142857,0.12142857142857143,0.047619047619047616,0.05476190476190476,0.11428571428571428,0.05238095238095238,0.05238095238095238,0.011904761904761904,0.03571428571428571,nuclear
2285,242041.9792,0.05820568927789934,70.50245076586478,6.236112785339355,-0.7775492341356675,0.08446389496717724,0.00700218818380744,0.03413566739606127,0.04463894967177243,0.018380743982494528,0.10809628008752735,0.019693654266958426,0.024070021881838075,0.03282275711159737,0.06039387308533917,0.03938730853391685,0.04070021881838074,0.12954048140043764,0.09584245076586433,0.038074398249452954,0.10853391684901531,0.045076586433260395,0.029321663019693654,0.0056892778993435445,0.03413566739606127,nuclear
629,72331.2927,0.09697933227344992,44.17249602543727,8.451112174987795,-0.7610492845786964,0.02702702702702703,0.06359300476947535,0.033386327503974564,0.08744038155802862,0.05405405405405406,0.06518282988871224,0.05405405405405406,0.04292527821939587,0.10333863275039745,0.07154213036565978,0.011128775834658187,0.04769475357710652,0.034976152623211444,0.04769475357710652,0.03656597774244833,0.07790143084260731,0.06677265500794913,0.03179650238473768,0.011128775834658187,0.03179650238473768,nuclear
284,29652.999399999997,0.08450704225352113,56.715845070422525,8.977045249938964,-0.4672535211267606,0.14084507042253522,0.02112676056338028,0.035211267605633804,0.0528169014084507,0.04225352112676056,0.11267605633802817,0.014084507042253521,0.01056338028169014,0.0528169014084507,0.08098591549295775,0.007042253521126761,0.014084507042253521,0.12323943661971831,0.035211267605633804,0.056338028169014086,0.09507042253521127,0.035211267605633804,0.028169014084507043,0.01056338028169014,0.03169014084507042,nuclear
743,79387.9064,0.06998654104979812,56.012920592194035,8.29600124359131,-0.3293405114401077,0.13458950201884254,0.009421265141318977,0.04441453566621804,0.052489905787348586,0.04576043068640646,0.06729475100942127,0.03230148048452221,0.02557200538358008,0.05114401076716016,0.08613728129205922,0.03230148048452221,0.024226110363391656,0.08344549125168237,0.033647375504710635,0.04979811574697174,0.11036339165545088,0.05518169582772544,0.03768506056527591,0.005383580080753701,0.018842530282637954,nuclear
539,58026.3048,0.053803339517625226,71.56011131725441,5.531934547424315,-0.608534322820037,0.09461966604823747,0.029684601113172542,0.05194805194805195,0.08348794063079777,0.02411873840445269,0.09461966604823747,0.04452690166975881,0.01855287569573284,0.03339517625231911,0.09090909090909091,0.01855287569573284,0.016697588126159554,0.1150278293135436,0.03339517625231911,0.061224489795918366,0.06679035250463822,0.05380333951762523,0.03896103896103896,0.0018552875695732839,0.027829313543599257,nuclear
292,32235.9276,0.05821917808219178,49.49794520547943,7.231249809265138,-0.6421232876712328,0.10616438356164383,0.0136986301369863,0.05136986301369863,0.08561643835616438,0.03767123287671233,0.0821917808219178,0.04452054794520548,0.02054794520547945,0.07191780821917808,0.09931506849315068,0.02054794520547945,0.03424657534246575,0.0410958904109589,0.05136986301369863,0.06506849315068493,0.0684931506849315,0.03424657534246575,0.05136986301369863,0.003424657534246575,0.017123287671232876,nuclear
315,34121.4212,0.053968253968253964,68.00253968253969,5.080064582824705,-0.9603174603174603,0.11746031746031746,0.009523809523809525,0.06349206349206349,0.11428571428571428,0.01904761904761905,0.11746031746031746,0.015873015873015872,0.01904761904761905,0.04126984126984127,0.06031746031746032,0.025396825396825397,0.006349206349206349,0.11746031746031746,0.031746031746031744,0.09523809523809523,0.05714285714285714,0.025396825396825397,0.02857142857142857,0.01904761904761905,0.015873015873015872,nuclear
604,67131.91519999999,0.049668874172185434,63.13543046357637,8.318178367614745,-0.6826158940397351,0.07781456953642384,0.023178807947019868,0.03145695364238411,0.08278145695364239,0.024834437086092714,0.052980132450331126,0.03642384105960265,0.033112582781456956,0.046357615894039736,0.08609271523178808,0.018211920529801324,0.048013245033112585,0.08609271523178808,0.04966887417218543,0.07450331125827815,0.08940397350993377,0.06291390728476821,0.05132450331125828,0.011589403973509934,0.013245033112582781,nuclear
1189,127493.1267,0.05719091673675357,55.05652649285148,6.667407035827638,-0.4507148864592095,0.08662741799831791,0.03784693019343986,0.034482758620689655,0.06476030277544155,0.022708158116063918,0.11017661900756939,0.034482758620689655,0.014297729184188394,0.0336417157275021,0.10849453322119428,0.009251471825063078,0.014297729184188394,0.1152228763666947,0.05803195962994113,0.05971404541631623,0.06980656013456686,0.04373423044575273,0.0479394449116905,0.025231286795626577,0.009251471825063078,nuclear
284,30251.085499999997,0.05985915492957746,58.85774647887322,11.093348884582518,-0.5133802816901409,0.09859154929577464,0.0035211267605633804,0.02464788732394366,0.04225352112676056,0.03169014084507042,0.13732394366197184,0.035211267605633804,0.017605633802816902,0.03169014084507042,0.11267605633802817,0.014084507042253521,0.02464788732394366,0.11619718309859155,0.04225352112676056,0.09507042253521127,0.07042253521126761,0.035211267605633804,0.03873239436619718,0.014084507042253521,0.014084507042253521,nuclear
2723,304812.3408,0.05986044803525523,49.11241278002239,7.266887855529785,-0.6084832904884319,0.05398457583547558,0.03158281307381564,0.03929489533602644,0.08079324274697025,0.0348879911861917,0.03966213734851267,0.024972456849063532,0.04223283143591627,0.08446566287183253,0.08777084098420859,0.017627616599338966,0.0697759823723834,0.05141388174807198,0.059493206022769,0.03525523319867793,0.09658464928387808,0.06500183621006243,0.060227690047741464,0.0044069041498347415,0.02056555269922879,nuclear
1047,115153.78229999999,0.04202483285577841,53.28530085959919,5.720810508728028,-0.747468958930277,0.06399235912129896,0.029608404966571154,0.05730659025787966,0.09169054441260745,0.021967526265520534,0.06303724928366762,0.03247373447946514,0.041069723018147083,0.08022922636103152,0.08595988538681948,0.02005730659025788,0.04871060171919771,0.06685768863419293,0.041069723018147083,0.04202483285577841,0.09837631327602674,0.055396370582617004,0.04011461318051576,0.0028653295128939827,0.017191977077363897,nuclear
514,57644.67850000001,0.08754863813229571,63.8551167315176,5.785265922546387,-0.6863813229571984,0.048638132295719845,0.0311284046692607,0.0622568093385214,0.06614785992217899,0.03501945525291829,0.06031128404669261,0.03501945525291829,0.021400778210116732,0.06031128404669261,0.07587548638132295,0.0311284046692607,0.05058365758754864,0.06031128404669261,0.04085603112840467,0.042801556420233464,0.12840466926070038,0.042801556420233464,0.054474708171206226,0.021400778210116732,0.0311284046692607,nuclear
691,73904.7484,0.05788712011577424,67.85745296671529,5.792939186096191,-0.5778581765557164,0.07525325615050651,0.02604920405209841,0.04341534008683068,0.06222865412445731,0.03183791606367583,0.08683068017366136,0.015918958031837915,0.023154848046309694,0.04630969609261939,0.09406657018813314,0.017366136034732273,0.017366136034732273,0.15195369030390737,0.059334298118668596,0.04630969609261939,0.09406657018813314,0.05065123010130246,0.03183791606367583,0.011577424023154847,0.01447178002894356,nuclear
120,13783.6885,0.04166666666666667,54.88083333333333,9.931564140319825,-1.1675,0.08333333333333333,0.025,0.041666666666666664,0.09166666666666666,0.0,0.058333333333333334,0.008333333333333333,0.03333333333333333,0.14166666666666666,0.075,0.03333333333333333,0.03333333333333333,0.025,0.058333333333333334,0.1,0.09166666666666666,0.025,0.03333333333333333,0.016666666666666666,0.025,nuclear
495,48747.193999999996,0.06262626262626263,55.236787878787986,6.756360054016113,-0.16282828282828288,0.18585858585858586,0.01818181818181818,0.030303030303030304,0.04242424242424243,0.03636363636363636,0.15757575757575756,0.03232323232323232,0.024242424242424242,0.022222222222222223,0.07676767676767676,0.012121212121212121,0.012121212121212121,0.14343434343434344,0.01616161616161616,0.046464646464646465,0.07676767676767676,0.020202020202020204,0.020202020202020204,0.00404040404040404,0.022222222222222223,nuclear
206,22067.4025,0.043689320388349516,57.794660194174774,9.22827854156494,-0.7898058252427184,0.10679611650485436,0.019417475728155338,0.043689320388349516,0.0825242718446602,0.009708737864077669,0.10194174757281553,0.009708737864077669,0.0048543689320388345,0.05825242718446602,0.0825242718446602,0.014563106796116505,0.02912621359223301,0.07766990291262135,0.024271844660194174,0.0970873786407767,0.10679611650485436,0.043689320388349516,0.05339805825242718,0.009708737864077669,0.024271844660194174,nuclear
597,68555.9741,0.09380234505862647,44.07891122278067,8.430353355407718,-0.5921273031825796,0.03685092127303183,0.02680067001675042,0.06197654941373534,0.07370184254606366,0.05527638190954774,0.06867671691792294,0.020100502512562814,0.05360134003350084,0.08040201005025126,0.08375209380234507,0.03015075376884422,0.048576214405360134,0.07370184254606366,0.03685092127303183,0.06532663316582915,0.04690117252931323,0.048576214405360134,0.05025125628140704,0.011725293132328308,0.02680067001675042,nuclear
2440,270206.5987,0.04467213114754098,63.15414344262334,6.66138210296631,-0.9228688524590165,0.06762295081967214,0.006557377049180328,0.04221311475409836,0.09139344262295082,0.01721311475409836,0.05368852459016393,0.025819672131147543,0.04467213114754098,0.05819672131147541,0.05573770491803279,0.018852459016393444,0.03278688524590164,0.09672131147540984,0.0651639344262295,0.07049180327868852,0.11229508196721312,0.06024590163934426,0.052868852459016395,0.003278688524590164,0.02418032786885246,nuclear
587,64969.43230000001,0.07666098807495741,43.56916524701878,5.288720512390136,-0.1354344122657581,0.07836456558773425,0.02555366269165247,0.056218057921635436,0.06814310051107325,0.02555366269165247,0.06984667802385008,0.018739352640545145,0.03747870528109029,0.04770017035775128,0.09540034071550256,0.03236797274275979,0.04258943781942078,0.034071550255536626,0.04088586030664395,0.049403747870528106,0.06984667802385008,0.054514480408858604,0.10221465076660988,0.01192504258943782,0.039182282793867124,cytoplasmic
444,49775.4845,0.09684684684684684,40.77297297297295,4.786207008361816,-0.3551801801801802,0.07882882882882883,0.02027027027027027,0.05630630630630631,0.08333333333333333,0.0518018018018018,0.07432432432432433,0.02252252252252252,0.04279279279279279,0.03153153153153153,0.07657657657657657,0.04279279279279279,0.04954954954954955,0.04504504504504504,0.0472972972972973,0.0518018018018018,0.05855855855855856,0.06306306306306306,0.05855855855855856,0.009009009009009009,0.036036036036036036,cytoplasmic
1837,197295.0856,0.06695699510070768,60.20278715296726,6.345357322692871,-0.38285247686445295,0.10125204137180185,0.020685900925421885,0.035383777898747956,0.06859009254218836,0.029940119760479042,0.08873162765378334,0.03320631464344039,0.020141535111594992,0.03592814371257485,0.09635274904735983,0.0195971692977681,0.02286336418072945,0.08982035928143713,0.03810560696788242,0.05715841045182363,0.10070767555797495,0.05117038649972782,0.053347849755035384,0.014697876973326075,0.02231899836690256,cytoplasmic
492,54098.6291,0.06300813008130081,49.594512195122,5.971640968322753,-0.49573170731707317,0.06707317073170732,0.01016260162601626,0.056910569105691054,0.08333333333333333,0.03048780487804878,0.07520325203252033,0.026422764227642278,0.03048780487804878,0.08130081300813008,0.0975609756097561,0.02032520325203252,0.032520325203252036,0.06300813008130081,0.032520325203252036,0.042682926829268296,0.08739837398373984,0.054878048780487805,0.07520325203252033,0.01016260162601626,0.022357723577235773,cytoplasmic
302,35519.433099999995,0.12582781456953643,34.027847682119194,8.223990058898927,-0.6062913907284768,0.052980132450331126,0.009933774834437087,0.0695364238410596,0.06291390728476821,0.059602649006622516,0.04304635761589404,0.046357615894039736,0.056291390728476824,0.10596026490066225,0.076158940397351,0.039735099337748346,0.03642384105960265,0.059602649006622516,0.03642384105960265,0.033112582781456956,0.046357615894039736,0.056291390728476824,0.04304635761589404,0.029801324503311258,0.03642384105960265,cytoplasmic
140,15054.068799999997,0.07857142857142857,43.56864285714284,8.436026573181152,-0.11642857142857144,0.07142857142857142,0.02142857142857143,0.06428571428571428,0.02857142857142857,0.02857142857142857,0.11428571428571428,0.014285714285714285,0.03571428571428571,0.07142857142857142,0.08571428571428572,0.03571428571428571,0.04285714285714286,0.02857142857142857,0.02857142857142857,0.03571428571428571,0.07142857142857142,0.07857142857142857,0.09285714285714286,0.014285714285714285,0.03571428571428571,cytoplasmic
284,32708.1821,0.02464788732394366,41.01584507042253,4.687250328063963,-1.0440140845070423,0.1267605633802817,0.0035211267605633804,0.08450704225352113,0.19718309859154928,0.0035211267605633804,0.01056338028169014,0.007042253521126761,0.04225352112676056,0.13380281690140844,0.11619718309859155,0.02112676056338028,0.017605633802816902,0.0,0.04929577464788732,0.0528169014084507,0.0528169014084507,0.028169014084507043,0.03169014084507042,0.0,0.02112676056338028,cytoplasmic
450,49958.9822,0.09555555555555556,34.92666666666666,4.9750261306762695,-0.18533333333333335,0.08888888888888889,0.02666666666666667,0.06,0.08,0.044444444444444446,0.07777777777777778,0.028888888888888888,0.057777777777777775,0.042222222222222223,0.07333333333333333,0.022222222222222223,0.035555555555555556,0.044444444444444446,0.03333333333333333,0.04666666666666667,0.044444444444444446,0.06444444444444444,0.07777777777777778,0.008888888888888889,0.042222222222222223,cytoplasmic
330,36294.4829,0.08181818181818182,46.42699999999998,6.323019599914551,-0.035454545454545475,0.12121212121212122,0.024242424242424242,0.05454545454545454,0.06060606060606061,0.03636363636363636,0.0696969696969697,0.02727272727272727,0.03636363636363636,0.03636363636363636,0.10606060606060606,0.03333333333333333,0.015151515151515152,0.06666666666666667,0.030303030303030304,0.0696969696969697,0.05757575757575758,0.03333333333333333,0.07575757575757576,0.00909090909090909,0.03636363636363636,cytoplasmic
334,36425.6942,0.0688622754491018,23.879041916167655,6.911871528625488,-0.04341317365269461,0.08982035928143713,0.011976047904191617,0.0688622754491018,0.05389221556886228,0.03592814371257485,0.0688622754491018,0.011976047904191617,0.059880239520958084,0.09281437125748503,0.09580838323353294,0.02694610778443114,0.041916167664670656,0.038922155688622756,0.02694610778443114,0.029940119760479042,0.0748502994011976,0.041916167664670656,0.09580838323353294,0.011976047904191617,0.020958083832335328,cytoplasmic
472,51108.897000000004,0.04449152542372881,36.70360169491524,8.657475471496582,-0.013559322033898313,0.06779661016949153,0.0211864406779661,0.048728813559322036,0.0614406779661017,0.023305084745762712,0.09110169491525423,0.023305084745762712,0.0847457627118644,0.07627118644067797,0.09533898305084745,0.01694915254237288,0.029661016949152543,0.05296610169491525,0.03389830508474576,0.046610169491525424,0.057203389830508475,0.05508474576271186,0.09322033898305085,0.00423728813559322,0.01694915254237288,cytoplasmic
1262,144496.3765,0.10301109350237718,39.28496038034888,5.820108222961426,-0.23843106180665613,0.04992076069730586,0.018225039619651346,0.05467511885895404,0.07606973058637084,0.04595879556259905,0.05229793977812995,0.017432646592709985,0.05309033280507131,0.06576862123613313,0.10935023771790808,0.021394611727416798,0.041996830427892234,0.04833597464342314,0.03803486529318542,0.05071315372424723,0.05705229793977813,0.06259904912836767,0.08003169572107766,0.01584786053882726,0.04120443740095087,cytoplasmic
494,53801.3312,0.08502024291497975,32.07368421052631,5.6944372177124025,-0.04392712550607289,0.08906882591093117,0.032388663967611336,0.038461538461538464,0.07489878542510121,0.05060728744939271,0.0951417004048583,0.008097165991902834,0.05668016194331984,0.05465587044534413,0.0708502024291498,0.030364372469635626,0.038461538461538464,0.05060728744939271,0.03643724696356275,0.048582995951417005,0.05263157894736842,0.05465587044534413,0.08299595141700405,0.008097165991902834,0.02631578947368421,cytoplasmic
248,28521.487200000003,0.016129032258064516,42.352016129032265,4.669573402404786,-1.020967741935484,0.12096774193548387,0.008064516129032258,0.056451612903225805,0.21774193548387097,0.004032258064516129,0.03225806451612903,0.008064516129032258,0.036290322580645164,0.10080645161290322,0.12096774193548387,0.020161290322580645,0.036290322580645164,0.0,0.056451612903225805,0.07258064516129033,0.028225806451612902,0.028225806451612902,0.04032258064516129,0.0,0.012096774193548387,cytoplasmic
451,50151.066,0.09534368070953436,37.32660753880265,4.942855262756347,-0.2303769401330377,0.07982261640798226,0.026607538802660754,0.0598669623059867,0.082039911308204,0.04434589800443459,0.07982261640798226,0.028824833702882482,0.0598669623059867,0.04212860310421286,0.07095343680709534,0.022172949002217297,0.03547671840354767,0.04434589800443459,0.03547671840354767,0.04656319290465632,0.050997782705099776,0.06430155210643015,0.07538802660753881,0.008869179600886918,0.04212860310421286,cytoplasmic
536,61379.106999999996,0.08022388059701493,54.47164179104486,5.333793830871582,-0.3658582089552239,0.06902985074626866,0.016791044776119403,0.05970149253731343,0.08768656716417911,0.04664179104477612,0.026119402985074626,0.03171641791044776,0.054104477611940295,0.055970149253731345,0.1044776119402985,0.026119402985074626,0.03917910447761194,0.04664179104477612,0.05037313432835821,0.05223880597014925,0.07835820895522388,0.05970149253731343,0.061567164179104475,0.014925373134328358,0.018656716417910446,cytoplasmic
1120,128707.4124,0.10267857142857142,45.25412500000019,5.6591402053833,-0.32035714285714284,0.05267857142857143,0.023214285714285715,0.05,0.08839285714285715,0.054464285714285715,0.04285714285714286,0.025,0.05178571428571429,0.06875,0.11875,0.01875,0.044642857142857144,0.03482142857142857,0.04107142857142857,0.04642857142857143,0.08482142857142858,0.05089285714285714,0.054464285714285715,0.015178571428571428,0.033035714285714286,cytoplasmic
509,54793.8082,0.05304518664047151,42.38565815324166,5.410071754455566,-0.07426326129666012,0.09430255402750491,0.023575638506876228,0.05893909626719057,0.068762278978389,0.03536345776031434,0.07662082514734773,0.015717092337917484,0.06483300589390963,0.060903732809430254,0.10019646365422397,0.015717092337917484,0.047151277013752456,0.03143418467583497,0.03339882121807466,0.04518664047151277,0.08644400785854617,0.047151277013752456,0.07662082514734773,0.0,0.01768172888015717,cytoplasmic
527,59345.458,0.06641366223908919,40.19489563567362,6.315403175354004,-0.3280834914611006,0.04364326375711575,0.020872865275142316,0.04743833017077799,0.08349146110056926,0.030360531309297913,0.06451612903225806,0.020872865275142316,0.04933586337760911,0.07400379506641366,0.14041745730550284,0.009487666034155597,0.04933586337760911,0.051233396584440226,0.04554079696394687,0.04933586337760911,0.07020872865275142,0.04554079696394687,0.0683111954459203,0.015180265654648957,0.020872865275142316,cytoplasmic
1174,133279.46899999998,0.08091993185689948,59.319608177172455,7.999640083312989,-0.5717206132879047,0.06388415672913117,0.013628620102214651,0.041737649063032366,0.07325383304940375,0.027257240204429302,0.05110732538330494,0.030664395229982964,0.036626916524701875,0.04258943781942078,0.09795570698466781,0.022146507666098807,0.03577512776831346,0.07666098807495741,0.05792163543441227,0.07495741056218058,0.08432708688245315,0.051959114139693355,0.06388415672913117,0.010221465076660987,0.0434412265758092,cytoplasmic
523,57290.8875,0.05927342256214149,45.41242829827923,6.2745359420776365,-0.4569789674952199,0.07839388145315487,0.017208413001912046,0.045889101338432124,0.08986615678776291,0.032504780114722756,0.08604206500956023,0.0076481835564053535,0.04780114722753346,0.06692160611854685,0.10133843212237094,0.019120458891013385,0.0497131931166348,0.021032504780114723,0.045889101338432124,0.06500956022944551,0.11281070745697896,0.030592734225621414,0.055449330783938815,0.0019120458891013384,0.0248565965583174,cytoplasmic
725,79399.9123,0.04827586206896552,53.57213793103464,5.782878684997558,-0.5155862068965518,0.06896551724137931,0.020689655172413793,0.05241379310344828,0.07862068965517241,0.02482758620689655,0.07310344827586207,0.028965517241379312,0.044137931034482755,0.06206896551724138,0.1006896551724138,0.01793103448275862,0.023448275862068966,0.07724137931034483,0.05931034482758621,0.04689655172413793,0.0910344827586207,0.05655172413793103,0.0496551724137931,0.012413793103448275,0.011034482758620689,cytoplasmic
520,57372.7354,0.057692307692307696,57.211750000000116,5.06488857269287,-0.48903846153846153,0.05961538461538462,0.015384615384615385,0.06346153846153846,0.075,0.03461538461538462,0.07692307692307693,0.009615384615384616,0.03461538461538462,0.038461538461538464,0.10384615384615385,0.032692307692307694,0.01730769230769231,0.11538461538461539,0.057692307692307696,0.07115384615384615,0.07307692307692308,0.04230769230769231,0.05576923076923077,0.007692307692307693,0.015384615384615385,cytoplasmic
237,26316.1258,0.08016877637130801,34.79957805907171,7.712221336364746,-0.07088607594936712,0.06329113924050633,0.02109704641350211,0.04219409282700422,0.05063291139240506,0.04219409282700422,0.0759493670886076,0.04219409282700422,0.06751054852320675,0.06751054852320675,0.10970464135021098,0.03375527426160337,0.0379746835443038,0.0379746835443038,0.046413502109704644,0.029535864978902954,0.08860759493670886,0.046413502109704644,0.05907172995780591,0.016877637130801686,0.02109704641350211,cytoplasmic
149,17139.1342,0.08724832214765102,69.0940268456376,4.532307243347168,-0.536241610738255,0.04697986577181208,0.040268456375838924,0.087248322147651,0.10067114093959731,0.013422818791946308,0.04697986577181208,0.020134228187919462,0.06040268456375839,0.0738255033557047,0.087248322147651,0.03355704697986577,0.03355704697986577,0.03355704697986577,0.053691275167785234,0.026845637583892617,0.08053691275167785,0.026845637583892617,0.06040268456375839,0.020134228187919462,0.053691275167785234,cytoplasmic
1430,160814.56040000002,0.06153846153846154,54.73112587412625,6.608578681945801,-0.6671328671328671,0.056643356643356645,0.023076923076923078,0.04965034965034965,0.08811188811188811,0.02937062937062937,0.04055944055944056,0.02727272727272727,0.044055944055944055,0.0937062937062937,0.09300699300699301,0.026573426573426574,0.04755244755244755,0.05874125874125874,0.04895104895104895,0.038461538461538464,0.11468531468531469,0.039160839160839164,0.04825174825174825,0.007692307692307693,0.024475524475524476,cytoplasmic
327,36503.8247,0.10091743119266056,45.030581039755354,5.291789817810058,-0.29633027522935784,0.07339449541284404,0.012232415902140673,0.039755351681957186,0.0856269113149847,0.05198776758409786,0.07951070336391437,0.024464831804281346,0.012232415902140673,0.039755351681957186,0.12538226299694188,0.03363914373088685,0.03363914373088685,0.039755351681957186,0.04892966360856269,0.05198776758409786,0.10091743119266056,0.03669724770642202,0.06116207951070336,0.009174311926605505,0.039755351681957186,cytoplasmic
1022,115124.9836,0.08806262230919765,49.76284735812155,8.222894096374514,-0.2850293542074364,0.05968688845401174,0.025440313111545987,0.04598825831702544,0.06457925636007827,0.053816046966731895,0.06164383561643835,0.03228962818003914,0.05283757338551859,0.0684931506849315,0.10469667318982387,0.0273972602739726,0.03718199608610567,0.04892367906066536,0.04794520547945205,0.04794520547945205,0.08610567514677103,0.04794520547945205,0.05283757338551859,0.011741682974559686,0.022504892367906065,cytoplasmic
1749,200208.441,0.08919382504288165,46.916718124642976,5.6740320205688475,-0.2017152658662093,0.06174957118353345,0.033733562035448826,0.044596912521440824,0.08576329331046312,0.04059462550028588,0.044596912521440824,0.03316180674671241,0.062321326472269865,0.05603201829616924,0.11206403659233848,0.030303030303030304,0.03430531732418525,0.0440251572327044,0.05202973127501429,0.04631217838765009,0.06746712407089765,0.04345340194396798,0.05889079473985134,0.013150371640937679,0.03544882790165809,cytoplasmic
329,36274.9367,0.0851063829787234,52.5416717325228,5.053122901916503,0.0802431610942249,0.07598784194528875,0.00911854103343465,0.04559270516717325,0.0729483282674772,0.05167173252279635,0.0547112462006079,0.03343465045592705,0.06382978723404255,0.02127659574468085,0.1094224924012158,0.015197568389057751,0.0121580547112462,0.06990881458966565,0.03951367781155015,0.0486322188449848,0.0972644376899696,0.06382978723404255,0.08206686930091185,0.00911854103343465,0.0243161094224924,cytoplasmic
286,31444.9207,0.048951048951048945,66.21576923076924,7.7458700180053714,-0.31818181818181823,0.07342657342657342,0.017482517482517484,0.03146853146853147,0.06293706293706294,0.03146853146853147,0.05244755244755245,0.03146853146853147,0.017482517482517484,0.02097902097902098,0.14685314685314685,0.017482517482517484,0.02097902097902098,0.15034965034965034,0.045454545454545456,0.07692307692307693,0.06293706293706294,0.06993006993006994,0.05244755244755245,0.006993006993006993,0.01048951048951049,cytoplasmic
1004,113734.5248,0.08266932270916334,46.87043824701216,6.008984184265136,-0.08306772908366536,0.05776892430278884,0.03286852589641434,0.043824701195219126,0.07868525896414343,0.036852589641434265,0.04282868525896414,0.027888446215139442,0.05677290836653386,0.06374501992031872,0.13545816733067728,0.02091633466135458,0.03286852589641434,0.049800796812749,0.04183266932270916,0.04282868525896414,0.07768924302788845,0.043824701195219126,0.06772908366533864,0.00796812749003984,0.037848605577689244,cytoplasmic
273,30178.134899999997,0.07326007326007326,40.73772893772893,9.387450981140137,-0.332967032967033,0.09157509157509157,0.007326007326007326,0.06593406593406594,0.03663003663003663,0.02197802197802198,0.09523809523809523,0.03296703296703297,0.02197802197802198,0.03663003663003663,0.1282051282051282,0.018315018315018316,0.02197802197802198,0.0695970695970696,0.047619047619047616,0.08791208791208792,0.06227106227106227,0.02564102564102564,0.07692307692307693,0.02197802197802198,0.029304029304029304,cytoplasmic
256,27383.0186,0.04296875,66.20156250000001,4.6509302139282225,-0.706640625,0.12890625,0.015625,0.06640625,0.09765625,0.0234375,0.05859375,0.01171875,0.01171875,0.0234375,0.08203125,0.01171875,0.015625,0.1484375,0.02734375,0.078125,0.07421875,0.06640625,0.0390625,0.0078125,0.01171875,cytoplasmic
89,10349.723899999999,0.1348314606741573,31.242808988764043,6.813767433166503,-0.45617977528089887,0.0898876404494382,0.02247191011235955,0.07865168539325842,0.056179775280898875,0.056179775280898875,0.0449438202247191,0.033707865168539325,0.07865168539325842,0.11235955056179775,0.033707865168539325,0.0449438202247191,0.0449438202247191,0.011235955056179775,0.0449438202247191,0.02247191011235955,0.0449438202247191,0.0449438202247191,0.056179775280898875,0.011235955056179775,0.06741573033707865,cytoplasmic
393,44413.8886,0.06361323155216285,51.23536895674299,6.152388954162597,-0.11068702290076339,0.07124681933842239,0.043256997455470736,0.043256997455470736,0.07633587786259542,0.030534351145038167,0.04834605597964377,0.04071246819338423,0.05343511450381679,0.04834605597964377,0.13994910941475827,0.022900763358778626,0.02544529262086514,0.03816793893129771,0.06870229007633588,0.05343511450381679,0.07888040712468193,0.022900763358778626,0.061068702290076333,0.01272264631043257,0.020356234096692113,cytoplasmic
263,28630.065299999995,0.07604562737642585,50.90114068441065,8.320241355895995,-0.43422053231939167,0.08745247148288973,0.015209125475285171,0.030418250950570342,0.06463878326996197,0.0076045627376425855,0.12547528517110265,0.030418250950570342,0.019011406844106463,0.026615969581749048,0.12927756653992395,0.011406844106463879,0.015209125475285171,0.07984790874524715,0.053231939163498096,0.07604562737642585,0.06463878326996197,0.045627376425855515,0.049429657794676805,0.022813688212927757,0.045627376425855515,cytoplasmic
375,42015.783500000005,0.08266666666666667,34.60429333333333,5.912983131408691,-0.27893333333333337,0.06933333333333333,0.016,0.050666666666666665,0.072,0.034666666666666665,0.072,0.029333333333333333,0.072,0.058666666666666666,0.06933333333333333,0.05333333333333334,0.02666666666666667,0.050666666666666665,0.037333333333333336,0.04533333333333334,0.06666666666666667,0.07466666666666667,0.05333333333333334,0.010666666666666666,0.037333333333333336,cytoplasmic
451,50326.3819,0.08647450110864745,41.246784922394646,5.053804969787596,-0.2427937915742794,0.07538802660753881,0.022172949002217297,0.04878048780487805,0.082039911308204,0.04878048780487805,0.07538802660753881,0.028824833702882482,0.05543237250554324,0.03325942350332594,0.07982261640798226,0.037694013303769404,0.05321507760532151,0.037694013303769404,0.04656319290465632,0.050997782705099776,0.06873614190687362,0.04878048780487805,0.06873614190687362,0.008869179600886918,0.028824833702882482,cytoplasmic
547,62636.476500000004,0.11517367458866544,42.788903107861096,6.20638599395752,-0.3670932358318099,0.06764168190127971,0.016453382084095063,0.06398537477148081,0.062157221206581355,0.04753199268738574,0.04753199268738574,0.031078610603290677,0.0603290676416819,0.06398537477148081,0.08043875685557587,0.02010968921389397,0.043875685557586835,0.051188299817184646,0.031078610603290677,0.04936014625228519,0.0603290676416819,0.06946983546617916,0.06581352833638025,0.014625228519195612,0.05301645338208409,cytoplasmic
253,29664.528800000004,0.07114624505928854,54.32375494071146,6.942166709899902,-0.8308300395256918,0.06324110671936758,0.003952569169960474,0.06719367588932806,0.10276679841897234,0.039525691699604744,0.02766798418972332,0.015810276679841896,0.03557312252964427,0.09486166007905138,0.1067193675889328,0.03557312252964427,0.02766798418972332,0.043478260869565216,0.08300395256916997,0.07509881422924901,0.06324110671936758,0.02766798418972332,0.05533596837944664,0.003952569169960474,0.02766798418972332,cytoplasmic
309,35775.526,0.1197411003236246,47.34210355987056,6.351495933532715,-0.4297734627831716,0.06796116504854369,0.012944983818770227,0.05501618122977346,0.08414239482200647,0.07766990291262135,0.05177993527508091,0.019417475728155338,0.05825242718446602,0.06796116504854369,0.07766990291262135,0.02912621359223301,0.038834951456310676,0.061488673139158574,0.038834951456310676,0.06472491909385113,0.06472491909385113,0.038834951456310676,0.04854368932038835,0.02912621359223301,0.012944983818770227,cytoplasmic
1046,115836.0681,0.02868068833652008,46.33298279158721,6.28925724029541,-0.7280114722753346,0.08986615678776291,0.0076481835564053535,0.04684512428298279,0.11376673040152964,0.011472275334608031,0.06692160611854685,0.02676864244741874,0.02581261950286807,0.08030592734225621,0.11759082217973231,0.014340344168260038,0.020076481835564052,0.03537284894837476,0.06596558317399617,0.06978967495219886,0.08891013384321224,0.04206500956022945,0.05927342256214149,0.0057361376673040155,0.011472275334608031,cytoplasmic
1639,180715.4373,0.04942037827943868,67.51527150701692,6.457159614562988,-0.6401464307504576,0.09151921903599756,0.025625381330079317,0.04270896888346553,0.08419768151311775,0.018303843807199512,0.07443563148261134,0.023794996949359364,0.01464307504575961,0.036607687614399025,0.10982306284319707,0.01525320317266626,0.019524100061012812,0.07931665649786455,0.075045759609518,0.0835875533862111,0.0860280658938377,0.035387431360585725,0.05308114704087859,0.014032946918852958,0.017083587553386213,cytoplasmic
856,96753.30709999999,0.08528037383177571,55.30889018691614,6.0829885482788075,-0.31600467289719625,0.07126168224299065,0.017523364485981307,0.04205607476635514,0.08060747663551401,0.04088785046728972,0.06074766355140187,0.035046728971962614,0.029205607476635514,0.035046728971962614,0.11682242990654206,0.02219626168224299,0.017523364485981307,0.06658878504672897,0.05724299065420561,0.07009345794392523,0.06658878504672897,0.052570093457943924,0.07359813084112149,0.011682242990654205,0.03271028037383177,cytoplasmic
1882,194587.45130000002,0.03506907545164718,57.99761424017037,9.116039085388184,-0.3907545164718385,0.12911795961742828,0.024442082890541977,0.040382571732199786,0.0536663124335813,0.015409139213602551,0.10786397449521785,0.020722635494155154,0.015409139213602551,0.030818278427205102,0.08289054197662062,0.013283740701381509,0.006376195536663124,0.11424017003188097,0.031880977683315624,0.08235919234856535,0.1030818278427205,0.049415515409139216,0.0589798087141339,0.010095642933049946,0.009564293304994687,cytoplasmic
1493,164855.54140000002,0.0535833891493637,67.71969189551278,6.200304222106933,-0.8365036838580041,0.06831882116543872,0.02679169457468185,0.034829202947086406,0.09310113864701942,0.025452109845947757,0.06764902880107167,0.038178164768921635,0.02344273275284662,0.0535833891493637,0.09042196918955124,0.016075016744809108,0.03415941058271936,0.08037508372404555,0.06697923643670463,0.05827193569993302,0.12324179504353651,0.03951774949765573,0.03148024112525117,0.010046885465505693,0.01808439383791025,cytoplasmic
722,79273.77489999999,0.052631578947368425,32.63240997229917,6.316596794128418,0.023407202216066465,0.07617728531855955,0.023545706371191136,0.0664819944598338,0.05124653739612189,0.027700831024930747,0.07756232686980609,0.04155124653739612,0.07894736842105263,0.05678670360110803,0.11080332409972299,0.02631578947368421,0.04016620498614958,0.03185595567867036,0.0332409972299169,0.04709141274238227,0.05678670360110803,0.045706371191135735,0.08310249307479224,0.004155124653739612,0.02077562326869806,cytoplasmic
1338,137332.48299999998,0.052316890881913304,70.4507548579974,8.904195976257324,-0.5056053811659192,0.11210762331838565,0.01569506726457399,0.03662182361733931,0.04185351270553064,0.01943198804185351,0.11808669656203288,0.025411061285500747,0.0171898355754858,0.02914798206278027,0.07249626307922272,0.0171898355754858,0.023168908819133034,0.13303437967115098,0.029895366218236172,0.061285500747384154,0.13228699551569506,0.03961136023916293,0.042600896860986545,0.00523168908819133,0.02765321375186846,cytoplasmic
282,31728.0274,0.10283687943262411,56.961347517730516,7.692043495178223,-0.3581560283687944,0.09219858156028368,0.01773049645390071,0.04609929078014184,0.05673758865248227,0.04609929078014184,0.04964539007092199,0.028368794326241134,0.03546099290780142,0.03546099290780142,0.09929078014184398,0.010638297872340425,0.01773049645390071,0.13829787234042554,0.04609929078014184,0.07092198581560284,0.05319148936170213,0.03900709219858156,0.06028368794326241,0.02127659574468085,0.03546099290780142,cytoplasmic
451,49872.0424,0.057649667405764965,44.242350332594214,5.86131649017334,-0.05720620842572064,0.082039911308204,0.028824833702882482,0.03991130820399113,0.08425720620842572,0.024390243902439025,0.0598669623059867,0.028824833702882482,0.06430155210643015,0.057649667405764965,0.10864745011086474,0.019955654101995565,0.022172949002217297,0.04878048780487805,0.05543237250554324,0.04656319290465632,0.07095343680709534,0.03547671840354767,0.08869179600886919,0.004434589800443459,0.028824833702882482,cytoplasmic
329,36055.9594,0.0911854103343465,38.414316109422494,5.021690940856933,0.20790273556231,0.06990881458966565,0.0121580547112462,0.0486322188449848,0.060790273556231005,0.06382978723404255,0.057750759878419454,0.0243161094224924,0.06990881458966565,0.03951367781155015,0.10638297872340426,0.02127659574468085,0.030395136778115502,0.0547112462006079,0.03343465045592705,0.030395136778115502,0.10030395136778116,0.06382978723404255,0.0851063829787234,0.0060790273556231,0.02127659574468085,cytoplasmic
312,35101.911199999995,0.06410256410256411,41.0948717948718,5.746047019958497,-0.20705128205128207,0.057692307692307696,0.01282051282051282,0.057692307692307696,0.0673076923076923,0.022435897435897436,0.060897435897435896,0.028846153846153848,0.04487179487179487,0.04487179487179487,0.10256410256410256,0.038461538461538464,0.041666666666666664,0.04807692307692308,0.057692307692307696,0.057692307692307696,0.060897435897435896,0.041666666666666664,0.11217948717948718,0.009615384615384616,0.03205128205128205,cytoplasmic
1103,122945.156,0.05439709882139619,57.959474161378395,6.470800971984862,-0.7329102447869447,0.0770625566636446,0.013599274705349048,0.04895738893925657,0.09247506799637353,0.02085222121486854,0.0743427017225748,0.019038984587488667,0.033544877606527655,0.0471441523118767,0.08522212148685404,0.025385312783318223,0.029918404351767906,0.08068902991840435,0.05258386219401632,0.08884859474161379,0.07796917497733455,0.043517679057116954,0.05530371713508613,0.010879419764279238,0.022665457842248413,cytoplasmic
444,49670.276,0.09684684684684684,37.57725225225222,4.780352592468262,-0.34797297297297297,0.06756756756756757,0.018018018018018018,0.05855855855855856,0.08108108108108109,0.0518018018018018,0.07882882882882883,0.02252252252252252,0.04054054054054054,0.033783783783783786,0.07207207207207207,0.038288288288288286,0.0472972972972973,0.04504504504504504,0.0472972972972973,0.04954954954954955,0.05855855855855856,0.06981981981981981,0.07432432432432433,0.009009009009009009,0.036036036036036036,cytoplasmic
450,49958.9822,0.09555555555555556,34.92666666666666,4.9750261306762695,-0.18533333333333335,0.08888888888888889,0.02666666666666667,0.06,0.08,0.044444444444444446,0.07777777777777778,0.028888888888888888,0.057777777777777775,0.042222222222222223,0.07333333333333333,0.022222222222222223,0.035555555555555556,0.044444444444444446,0.03333333333333333,0.04666666666666667,0.044444444444444446,0.06444444444444444,0.07777777777777778,0.008888888888888889,0.042222222222222223,cytoplasmic
323,37066.3789,0.09907120743034056,38.63965944272446,6.462331962585449,-0.30309597523219817,0.058823529411764705,0.021671826625386997,0.06501547987616099,0.06191950464396285,0.043343653250773995,0.043343653250773995,0.02476780185758514,0.03715170278637771,0.07739938080495357,0.11764705882352941,0.02786377708978328,0.04643962848297214,0.06191950464396285,0.04953560371517028,0.043343653250773995,0.04953560371517028,0.030959752321981424,0.08359133126934984,0.009287925696594427,0.04643962848297214,cytoplasmic
189,21803.715399999997,0.12698412698412698,48.248730158730154,7.637875938415529,-0.3216931216931217,0.042328042328042326,0.021164021164021163,0.05291005291005291,0.06349206349206349,0.07936507936507936,0.0582010582010582,0.010582010582010581,0.0582010582010582,0.05291005291005291,0.09523809523809523,0.010582010582010581,0.0582010582010582,0.07407407407407407,0.042328042328042326,0.06878306878306878,0.047619047619047616,0.05291005291005291,0.06349206349206349,0.010582010582010581,0.037037037037037035,cytoplasmic
333,38387.973600000005,0.06306306306306307,41.56696696696695,5.600880241394043,-1.03003003003003,0.042042042042042045,0.018018018018018018,0.0990990990990991,0.10510510510510511,0.04504504504504504,0.04504504504504504,0.012012012012012012,0.04504504504504504,0.14114114114114115,0.07207207207207207,0.024024024024024024,0.042042042042042045,0.042042042042042045,0.04504504504504504,0.04504504504504504,0.04504504504504504,0.06606606606606606,0.04804804804804805,0.003003003003003003,0.015015015015015015,cytoplasmic
889,98397.6814,0.0922384701912261,36.50967379077631,6.232759284973144,-0.13667041619797526,0.07424071991001124,0.010123734533183352,0.05736782902137233,0.05174353205849269,0.049493813273340834,0.0798650168728909,0.019122609673790775,0.06074240719910011,0.05511811023622047,0.08998875140607424,0.023622047244094488,0.049493813273340834,0.06299212598425197,0.04274465691788527,0.04611923509561305,0.05061867266591676,0.049493813273340834,0.0843644544431946,0.007874015748031496,0.03487064116985377,cytoplasmic
171,20023.7726,0.14619883040935672,51.925263157894726,5.0923986434936515,-0.20935672514619885,0.06432748538011696,0.023391812865497075,0.05263157894736842,0.1111111111111111,0.06432748538011696,0.05847953216374269,0.029239766081871343,0.05847953216374269,0.06432748538011696,0.09941520467836257,0.04093567251461988,0.017543859649122806,0.03508771929824561,0.011695906432748537,0.04678362573099415,0.06432748538011696,0.029239766081871343,0.04678362573099415,0.023391812865497075,0.05847953216374269,cytoplasmic
592,64615.0984,0.07094594594594594,38.570777027027056,6.267090034484863,-0.10827702702702705,0.11148648648648649,0.015202702702702704,0.05574324324324324,0.0625,0.03209459459459459,0.06418918918918919,0.02195945945945946,0.05067567567567568,0.0625,0.09628378378378379,0.016891891891891893,0.04054054054054054,0.04222972972972973,0.033783783783783786,0.0472972972972973,0.06587837837837837,0.05405405405405406,0.08783783783783784,0.008445945945945946,0.030405405405405407,cytoplasmic
140,15046.0943,0.1,28.733571428571413,6.5454305648803714,-0.02642857142857143,0.08571428571428572,0.04285714285714286,0.07142857142857142,0.03571428571428571,0.03571428571428571,0.14285714285714285,0.007142857142857143,0.05,0.06428571428571428,0.05,0.04285714285714286,0.02857142857142857,0.014285714285714285,0.02857142857142857,0.04285714285714286,0.05,0.05,0.09285714285714286,0.014285714285714285,0.05,cytoplasmic
360,40528.7674,0.06666666666666667,54.905,6.3264867782592775,-0.48250000000000004,0.06666666666666667,0.022222222222222223,0.03333333333333333,0.08611111111111111,0.022222222222222223,0.06944444444444445,0.03333333333333333,0.05277777777777778,0.03888888888888889,0.08888888888888889,0.022222222222222223,0.019444444444444445,0.08333333333333333,0.07222222222222222,0.06944444444444445,0.05277777777777778,0.058333333333333334,0.06388888888888888,0.013888888888888888,0.030555555555555555,cytoplasmic
351,38989.1841,0.06267806267806268,61.2760683760684,5.774637031555175,-0.13789173789173792,0.08547008547008547,0.011396011396011397,0.02849002849002849,0.10256410256410256,0.042735042735042736,0.06552706552706553,0.042735042735042736,0.07122507122507123,0.039886039886039885,0.09401709401709402,0.03418803418803419,0.037037037037037035,0.042735042735042736,0.02564102564102564,0.05982905982905983,0.07122507122507123,0.05982905982905983,0.06552706552706553,0.002849002849002849,0.017094017094017096,cytoplasmic
294,35125.9718,0.14285714285714285,32.95687074829933,6.178137016296386,-0.5591836734693878,0.027210884353741496,0.013605442176870748,0.05442176870748299,0.09863945578231292,0.06802721088435375,0.03741496598639456,0.030612244897959183,0.05782312925170068,0.10204081632653061,0.07142857142857142,0.03741496598639456,0.047619047619047616,0.05442176870748299,0.027210884353741496,0.03741496598639456,0.05102040816326531,0.04081632653061224,0.06802721088435375,0.023809523809523808,0.05102040816326531,cytoplasmic
693,76714.5072,0.06493506493506493,41.13868686868697,6.420782661437988,-0.16132756132756135,0.05627705627705628,0.01875901875901876,0.049062049062049064,0.07792207792207792,0.04184704184704185,0.07503607503607504,0.024531024531024532,0.07792207792207792,0.06926406926406926,0.08658008658008658,0.01875901875901876,0.03896103896103896,0.05483405483405483,0.030303030303030304,0.050505050505050504,0.05916305916305916,0.06204906204906205,0.08513708513708514,0.004329004329004329,0.01875901875901876,cytoplasmic
660,75378.1205,0.08636363636363636,43.50171212121225,6.257427406311035,-0.28015151515151515,0.06515151515151515,0.021212121212121213,0.06818181818181818,0.07575757575757576,0.045454545454545456,0.05606060606060606,0.01818181818181818,0.0696969696969697,0.08333333333333333,0.10757575757575757,0.025757575757575757,0.04090909090909091,0.030303030303030304,0.045454545454545456,0.05303030303030303,0.048484848484848485,0.04090909090909091,0.06363636363636363,0.007575757575757576,0.03333333333333333,cytoplasmic
44,5052.6002,0.022727272727272728,70.50454545454545,5.022429847717285,-1.6204545454545454,0.045454545454545456,0.0,0.06818181818181818,0.18181818181818182,0.022727272727272728,0.022727272727272728,0.0,0.045454545454545456,0.20454545454545456,0.045454545454545456,0.045454545454545456,0.022727272727272728,0.06818181818181818,0.06818181818181818,0.0,0.09090909090909091,0.06818181818181818,0.0,0.0,0.0,cytoplasmic
376,41876.427899999995,0.0851063829787234,34.81598404255318,5.307534217834472,-0.21861702127659574,0.07712765957446809,0.018617021276595744,0.05319148936170213,0.07712765957446809,0.031914893617021274,0.07446808510638298,0.023936170212765957,0.0797872340425532,0.05053191489361702,0.07180851063829788,0.0425531914893617,0.031914893617021274,0.05319148936170213,0.026595744680851064,0.047872340425531915,0.06648936170212766,0.06648936170212766,0.05319148936170213,0.010638297872340425,0.0425531914893617,cytoplasmic
377,42050.5824,0.08488063660477455,36.13583554376657,5.229437446594236,-0.2323607427055703,0.07692307692307693,0.015915119363395226,0.058355437665782495,0.07427055702917772,0.03183023872679045,0.07427055702917772,0.023872679045092837,0.07957559681697612,0.050397877984084884,0.06896551724137931,0.04509283819628647,0.03183023872679045,0.050397877984084884,0.029177718832891247,0.04774535809018567,0.0610079575596817,0.07161803713527852,0.05570291777188329,0.010610079575596816,0.042440318302387266,cytoplasmic
350,40282.2153,0.09142857142857143,46.06599999999998,6.477849006652832,-0.5662857142857143,0.06285714285714286,0.008571428571428572,0.06,0.08285714285714285,0.037142857142857144,0.05142857142857143,0.03428571428571429,0.07714285714285714,0.07714285714285714,0.09142857142857143,0.014285714285714285,0.03142857142857143,0.04,0.05714285714285714,0.05714285714285714,0.07142857142857142,0.045714285714285714,0.045714285714285714,0.008571428571428572,0.045714285714285714,cytoplasmic
2346,265550.7418,0.0865302642796249,41.322135549872435,5.951633644104004,-0.2456521739130435,0.06223358908780904,0.01278772378516624,0.05456095481670929,0.06990622335890878,0.04092071611253197,0.06095481670929241,0.026854219948849106,0.06180733162830349,0.04603580562659847,0.09292412617220801,0.0319693094629156,0.04475703324808184,0.04816709292412617,0.04390451832907076,0.06180733162830349,0.06820119352088662,0.046462063086104004,0.08013640238704177,0.011508951406649617,0.03410059676044331,cytoplasmic
4646,532401.3506,0.08243650452001722,42.67179724494145,6.013872337341308,-0.34052948773138186,0.06607834696513129,0.010331467929401636,0.05510116229014206,0.08243650452001722,0.0383125269048644,0.04606112785191563,0.019801980198019802,0.05316401205337925,0.06306500215238915,0.11149375807145932,0.026259147653895823,0.04068015497201894,0.04003443822643134,0.05531640120533793,0.062204046491605686,0.05876022384847181,0.05122686181661645,0.07554885923374946,0.01657339647008179,0.02755058114507103,cytoplasmic
305,33711.8019,0.07868852459016394,30.486590163934427,6.90715389251709,0.0740983606557377,0.09508196721311475,0.01639344262295082,0.06229508196721312,0.06229508196721312,0.04262295081967213,0.05245901639344262,0.013114754098360656,0.05901639344262295,0.08524590163934426,0.11475409836065574,0.022950819672131147,0.02622950819672131,0.029508196721311476,0.029508196721311476,0.03934426229508197,0.06885245901639345,0.05245901639344262,0.09180327868852459,0.003278688524590164,0.03278688524590164,cytoplasmic
465,52350.96919999999,0.08817204301075268,40.6974623655914,6.558162498474121,-0.14903225806451614,0.07311827956989247,0.01935483870967742,0.047311827956989246,0.07741935483870968,0.043010752688172046,0.06451612903225806,0.04086021505376344,0.07096774193548387,0.08172043010752689,0.11182795698924732,0.01935483870967742,0.043010752688172046,0.04946236559139785,0.023655913978494623,0.034408602150537634,0.047311827956989246,0.043010752688172046,0.06451612903225806,0.010752688172043012,0.034408602150537634,cytoplasmic
1179,127120.7347,0.06785411365564037,62.22154368108599,6.51559009552002,-0.5898218829516539,0.10517387616624257,0.007633587786259542,0.04834605597964377,0.07803223070398643,0.043256997455470736,0.09838846480067855,0.02374893977947413,0.01102629346904156,0.03307888040712468,0.089058524173028,0.015267175572519083,0.01102629346904156,0.10178117048346055,0.04071246819338423,0.08736217133163698,0.0916030534351145,0.03816793893129771,0.05173876166242578,0.005089058524173028,0.019508057675996608,cytoplasmic
1233,136758.8029,0.028386050283860504,81.28523925385282,5.501866722106932,-1.1873479318734794,0.09570154095701541,0.008110300081103,0.039740470397404706,0.14274128142741282,0.014598540145985401,0.06082725060827251,0.016220600162206,0.019464720194647202,0.07218167072181671,0.07380373073803731,0.010543390105433901,0.021086780210867802,0.09975669099756691,0.064882400648824,0.0851581508515815,0.08596918085969181,0.0413625304136253,0.0340632603406326,0.009732360097323601,0.0040551500405515,cytoplasmic
904,98635.9395,0.06526548672566372,60.98484513274374,8.749729728698732,-0.6842920353982301,0.10287610619469026,0.035398230088495575,0.04314159292035398,0.07079646017699115,0.03650442477876106,0.07853982300884955,0.029867256637168143,0.016592920353982302,0.048672566371681415,0.07853982300884955,0.0055309734513274336,0.01327433628318584,0.10508849557522124,0.05420353982300885,0.08296460176991151,0.07853982300884955,0.04756637168141593,0.04314159292035398,0.004424778761061947,0.024336283185840708,cytoplasmic
694,75213.4263,0.04178674351585014,51.10014409221922,9.6705961227417,-0.5695965417867436,0.06628242074927954,0.021613832853025938,0.037463976945244955,0.04755043227665706,0.021613832853025938,0.05475504322766571,0.024495677233429394,0.040345821325648415,0.10230547550432277,0.0893371757925072,0.01585014409221902,0.04178674351585014,0.0994236311239193,0.04610951008645533,0.03890489913544669,0.12680115273775217,0.04755043227665706,0.05763688760806916,0.007204610951008645,0.012968299711815562,cytoplasmic
766,83604.73929999999,0.06657963446475196,49.32678851174961,8.628142356872559,-0.4223237597911227,0.0639686684073107,0.022193211488250653,0.050913838120104436,0.06527415143603134,0.03524804177545692,0.07571801566579635,0.0195822454308094,0.05352480417754569,0.07049608355091384,0.0783289817232376,0.01174934725848564,0.04046997389033943,0.06527415143603134,0.024804177545691905,0.057441253263707574,0.11096605744125326,0.05613577023498695,0.06657963446475196,0.006527415143603133,0.024804177545691905,cytoplasmic
188,20755.692199999998,0.05319148936170213,68.4351063829787,6.905505561828614,-0.05585106382978726,0.10638297872340426,0.015957446808510637,0.047872340425531915,0.05319148936170213,0.010638297872340425,0.06382978723404255,0.02127659574468085,0.015957446808510637,0.02127659574468085,0.18085106382978725,0.010638297872340425,0.03723404255319149,0.06382978723404255,0.06382978723404255,0.0797872340425532,0.05851063829787234,0.02127659574468085,0.0851063829787234,0.02127659574468085,0.02127659574468085,cytoplasmic
96,10854.501,0.03125,33.10833333333333,6.906585502624512,-0.234375,0.052083333333333336,0.010416666666666666,0.052083333333333336,0.07291666666666667,0.010416666666666666,0.041666666666666664,0.041666666666666664,0.09375,0.07291666666666667,0.09375,0.041666666666666664,0.041666666666666664,0.041666666666666664,0.041666666666666664,0.052083333333333336,0.041666666666666664,0.09375,0.08333333333333333,0.0,0.020833333333333332,cytoplasmic
440,46287.9649,0.031818181818181815,83.53704545454583,10.92573108673096,-1.0056818181818181,0.07727272727272727,0.0022727272727272726,0.031818181818181815,0.031818181818181815,0.015909090909090907,0.08181818181818182,0.022727272727272728,0.022727272727272728,0.045454545454545456,0.06363636363636363,0.011363636363636364,0.03409090909090909,0.26590909090909093,0.031818181818181815,0.08409090909090909,0.09545454545454546,0.04090909090909091,0.025,0.0,0.015909090909090907,cytoplasmic
75,8744.817,0.06666666666666667,65.81733333333332,5.35022029876709,-0.5466666666666666,0.08,0.013333333333333334,0.05333333333333334,0.12,0.02666666666666667,0.02666666666666667,0.013333333333333334,0.10666666666666667,0.05333333333333334,0.08,0.02666666666666667,0.04,0.013333333333333334,0.04,0.09333333333333334,0.06666666666666667,0.08,0.02666666666666667,0.013333333333333334,0.02666666666666667,cytoplasmic
555,62033.280900000005,0.08108108108108109,39.397297297297285,6.298465156555175,-0.13603603603603603,0.08108108108108109,0.01981981981981982,0.055855855855855854,0.06846846846846846,0.04504504504504504,0.04864864864864865,0.036036036036036036,0.07027027027027027,0.06126126126126126,0.07387387387387387,0.018018018018018018,0.03063063063063063,0.04504504504504504,0.03063063063063063,0.05045045045045045,0.08108108108108109,0.05765765765765766,0.09009009009009009,0.018018018018018018,0.018018018018018018,cytoplasmic
273,30941.178200000002,0.09157509157509158,26.442490842490827,8.344739341735842,-0.32344322344322346,0.05128205128205128,0.01098901098901099,0.07692307692307693,0.03296703296703297,0.02564102564102564,0.08424908424908426,0.03663003663003663,0.029304029304029304,0.047619047619047616,0.1282051282051282,0.029304029304029304,0.03296703296703297,0.06227106227106227,0.03663003663003663,0.0695970695970696,0.04395604395604396,0.054945054945054944,0.08058608058608059,0.02197802197802198,0.04395604395604396,cytoplasmic
445,48148.2102,0.05393258426966292,36.99575280898877,6.631768989562989,-0.24741573033707867,0.10561797752808989,0.011235955056179775,0.04269662921348315,0.06292134831460675,0.029213483146067417,0.08314606741573034,0.038202247191011236,0.04719101123595506,0.04044943820224719,0.07865168539325842,0.024719101123595506,0.038202247191011236,0.06741573033707865,0.04943820224719101,0.058426966292134834,0.058426966292134834,0.051685393258426963,0.08764044943820225,0.0044943820224719105,0.020224719101123594,cytoplasmic
244,27325.2052,0.09836065573770492,48.18446721311475,5.056533241271972,-0.5397540983606557,0.07377049180327869,0.020491803278688523,0.06557377049180328,0.09836065573770492,0.036885245901639344,0.08196721311475409,0.00819672131147541,0.03278688524590164,0.05737704918032787,0.06967213114754098,0.012295081967213115,0.01639344262295082,0.036885245901639344,0.040983606557377046,0.07377049180327869,0.0860655737704918,0.040983606557377046,0.0860655737704918,0.004098360655737705,0.05737704918032787,cytoplasmic
449,49894.767900000006,0.0957683741648107,35.381959910913125,4.964226722717284,-0.233630289532294,0.08463251670378619,0.026726057906458798,0.0645879732739421,0.0757238307349666,0.044543429844097995,0.0779510022271715,0.028953229398663696,0.05790645879732739,0.042316258351893093,0.07126948775055679,0.022271714922048998,0.035634743875278395,0.044543429844097995,0.035634743875278395,0.0467706013363029,0.0467706013363029,0.06904231625835189,0.07349665924276169,0.008908685968819599,0.042316258351893093,cytoplasmic
446,49856.5736,0.09641255605381166,38.06950672645738,4.768530082702637,-0.32623318385650224,0.06726457399103139,0.017937219730941704,0.05829596412556054,0.07847533632286996,0.05605381165919283,0.07847533632286996,0.02242152466367713,0.042600896860986545,0.03139013452914798,0.07399103139013453,0.042600896860986545,0.04708520179372197,0.04708520179372197,0.04932735426008968,0.04932735426008968,0.06502242152466367,0.06502242152466367,0.06726457399103139,0.008968609865470852,0.03139013452914798,cytoplasmic
243,27939.1629,0.07407407407407407,43.068312757201646,4.110448265075683,-0.891358024691358,0.05761316872427984,0.0,0.09876543209876543,0.16872427983539096,0.04526748971193416,0.02880658436213992,0.00823045267489712,0.0411522633744856,0.07818930041152264,0.09876543209876543,0.0205761316872428,0.05761316872427984,0.037037037037037035,0.04938271604938271,0.01646090534979424,0.053497942386831275,0.06584362139917696,0.04526748971193416,0.00411522633744856,0.024691358024691357,cytoplasmic
977,102479.5055,0.04196519959058342,75.59222108495436,9.769812965393065,-0.597338792221085,0.11361310133060389,0.00511770726714432,0.027635619242579325,0.057318321392016376,0.02354145342886387,0.08393039918116683,0.012282497441146366,0.02047082906857728,0.032753326509723645,0.08085977482088025,0.01330603889457523,0.015353121801432957,0.17093142272262027,0.0511770726714432,0.07471852610030706,0.09825997952917093,0.05834186284544524,0.04196519959058342,0.006141248720573183,0.012282497441146366,cytoplasmic
933,104750.5115,0.08145766345123258,43.38274383708481,6.149433326721191,-0.24651661307609865,0.0782422293676313,0.021436227224008574,0.06109324758842444,0.06645230439442658,0.04501607717041801,0.05466237942122187,0.027867095391211148,0.05144694533762058,0.05894962486602358,0.1082529474812433,0.02679528403001072,0.03965702036441586,0.03751339764201501,0.03965702036441586,0.055734190782422297,0.0857449088960343,0.04394426580921758,0.06109324758842444,0.012861736334405145,0.023579849946409433,cytoplasmic
623,69917.0048,0.0898876404494382,37.764365971107566,5.4236562728881825,-0.2459069020866774,0.0738362760834671,0.019261637239165328,0.06741573033707865,0.07062600321027288,0.033707865168539325,0.06420545746388442,0.028892455858747994,0.060995184590690206,0.0593900481540931,0.09149277688603531,0.024077046548956663,0.027287319422150885,0.05457463884430177,0.027287319422150885,0.04654895666131621,0.060995184590690206,0.06420545746388442,0.06902086677367576,0.02086677367576244,0.03531300160513644,cytoplasmic
737,82588.1077,0.10854816824966079,40.802184531886176,5.014983940124511,-0.3194029850746269,0.08412483039348712,0.008141112618724558,0.050203527815468114,0.09090909090909091,0.052917232021709636,0.07869742198100407,0.013568521031207599,0.036635006784260515,0.04477611940298507,0.11397557666214382,0.010854816824966078,0.025780189959294438,0.04748982360922659,0.04748982360922659,0.05970149253731343,0.07055630936227951,0.050203527815468114,0.05834464043419267,0.013568521031207599,0.04206241519674356,cytoplasmic
449,50092.98359999999,0.0979955456570156,35.700668151447644,4.9375123977661115,-0.2091314031180401,0.08240534521158129,0.026726057906458798,0.062360801781737196,0.0801781737193764,0.051224944320712694,0.06904231625835189,0.028953229398663696,0.05790645879732739,0.042316258351893093,0.07349665924276169,0.022271714922048998,0.0378619153674833,0.0400890868596882,0.0334075723830735,0.0467706013363029,0.05790645879732739,0.066815144766147,0.07349665924276169,0.008908685968819599,0.0378619153674833,cytoplasmic
511,56881.97839999999,0.06262230919765166,59.792563600782955,8.817743873596193,-0.5898238747553817,0.07632093933463796,0.011741682974559686,0.03522504892367906,0.08610567514677103,0.0273972602739726,0.04500978473581213,0.023483365949119372,0.05283757338551859,0.08610567514677103,0.07632093933463796,0.023483365949119372,0.05870841487279843,0.0684931506849315,0.025440313111545987,0.04892367906066536,0.09001956947162426,0.07240704500978473,0.05675146771037182,0.005870841487279843,0.029354207436399216,cytoplasmic
1216,136646.9171,0.05756578947368421,69.0282154605267,6.043655967712403,-0.7023026315789473,0.08223684210526316,0.017269736842105265,0.05838815789473684,0.08881578947368421,0.023848684210526317,0.049342105263157895,0.017269736842105265,0.033717105263157895,0.04276315789473684,0.1069078947368421,0.013157894736842105,0.01644736842105263,0.07072368421052631,0.061677631578947366,0.09375,0.09786184210526316,0.05016447368421053,0.04194078947368421,0.008223684210526315,0.02549342105263158,cytoplasmic
352,38458.2792,0.08522727272727273,47.721874999999976,5.792768669128418,-0.1269886363636364,0.06818181818181818,0.019886363636363636,0.048295454545454544,0.045454545454545456,0.045454545454545456,0.08806818181818182,0.028409090909090908,0.03409090909090909,0.036931818181818184,0.09659090909090909,0.028409090909090908,0.05113636363636364,0.056818181818181816,0.05397727272727273,0.036931818181818184,0.07102272727272728,0.0625,0.08806818181818182,0.011363636363636364,0.028409090909090908,cytoplasmic
869,97744.9411,0.06214039125431531,50.31956271576544,8.514097785949708,-0.4417721518987342,0.05753739930955121,0.00805523590333717,0.05753739930955121,0.06904487917146145,0.03682393555811277,0.05408515535097814,0.018411967779056387,0.06904487917146145,0.06559263521288838,0.09666283084004602,0.024165707710011506,0.04602991944764097,0.07479861910241657,0.047180667433831994,0.0667433831990794,0.07019562715765247,0.05178365937859609,0.06098964326812428,0.005753739930955121,0.019562715765247412,cytoplasmic
2157,243397.914,0.06768660176170607,55.05439499304623,8.908064079284667,-0.5815484469170145,0.07649513212795549,0.012980992118683357,0.03894297635605007,0.09133055169216504,0.03013444598980065,0.05516921650440427,0.024571163653222067,0.04218822438572091,0.07788595271210014,0.10570236439499305,0.016226240148354196,0.02920723226703755,0.0593416782568382,0.056096430227167364,0.06675938803894298,0.07510431154381085,0.04821511358368104,0.056096430227167364,0.007417709782104775,0.03013444598980065,cytoplasmic
538,61252.12560000001,0.07249070631970261,43.129739776951745,7.219029426574708,-0.4734200743494424,0.07063197026022305,0.011152416356877323,0.05204460966542751,0.08178438661710037,0.031598513011152414,0.046468401486988845,0.024163568773234202,0.05204460966542751,0.06133828996282528,0.1171003717472119,0.024163568773234202,0.04275092936802974,0.04275092936802974,0.040892193308550186,0.0724907063197026,0.07806691449814127,0.06133828996282528,0.048327137546468404,0.011152416356877323,0.02973977695167286,cytoplasmic
647,74233.0309,0.05255023183925811,55.351931993817715,7.586266136169435,-1.24451313755796,0.07418856259659969,0.00463678516228748,0.0633693972179289,0.13601236476043277,0.030911901081916538,0.017001545595054096,0.015455950540958269,0.04173106646058733,0.15301391035548687,0.06646058732612056,0.017001545595054096,0.05409582689335394,0.03554868624420402,0.02936630602782071,0.04791344667697063,0.11128284389489954,0.05255023183925812,0.027820710973724884,0.00927357032457496,0.012364760432766615,cytoplasmic
667,75249.8823,0.06746626686656672,46.26838080959534,6.34694881439209,-0.33883058470764615,0.06596701649175413,0.044977511244377814,0.050974512743628186,0.06896551724137931,0.031484257871064465,0.034482758620689655,0.037481259370314844,0.06446776611694154,0.05847076461769116,0.095952023988006,0.01199400299850075,0.05247376311844078,0.043478260869565216,0.046476761619190406,0.049475262368815595,0.07946026986506746,0.0704647676161919,0.05697151424287856,0.01199400299850075,0.0239880059970015,cytoplasmic
2419,280011.05689999997,0.07027697395618024,47.56065729640376,4.95422306060791,-0.7616783794956593,0.086812732534105,0.0086812732534105,0.07193054981397272,0.12401818933443572,0.03100454733360893,0.038032244729226956,0.028110789582472095,0.03885903265812319,0.07606448945845391,0.12195121951219512,0.015708970649028525,0.04051260851591567,0.01653575857792476,0.07110376188507647,0.05663497312939231,0.05332782141380736,0.03885903265812319,0.04257957833815626,0.017775940471269118,0.02149648615130219,cytoplasmic
2137,246465.12369999997,0.06925596630790828,45.725746373420996,5.145827293395995,-0.6703322414599906,0.08610201216658868,0.0070191857744501636,0.06972391202620495,0.10949929808142256,0.03088441740758072,0.04539073467477773,0.030416471689284044,0.0416471689284043,0.062236780533458116,0.11932615816565278,0.019653720168460457,0.030416471689284044,0.021993448759943846,0.07627515208235845,0.0669162377164249,0.05568554047730463,0.040243331773514274,0.048198408984557795,0.019653720168460457,0.018717828731867104,cytoplasmic
2564,288981.8382,0.052652106084243366,54.59528861154471,5.717684364318848,-0.575585023400936,0.12090483619344773,0.008190327613104524,0.04251170046801872,0.11583463338533541,0.0202808112324493,0.06318252730109204,0.028081123244929798,0.021450858034321372,0.03939157566302652,0.12753510140405616,0.016770670826833072,0.020670826833073322,0.03783151326053042,0.07215288611544461,0.09399375975039001,0.052652106084243366,0.028081123244929798,0.05811232449297972,0.019110764430577222,0.01326053042121685,cytoplasmic
793,89453.2454,0.05170239596469105,58.0635561160153,8.451821327209476,-0.7784363177805802,0.07944514501891552,0.005044136191677175,0.0403530895334174,0.10592686002522068,0.021437578814627996,0.0617906683480454,0.021437578814627996,0.0416141235813367,0.07566204287515763,0.09205548549810845,0.03026481715006305,0.0416141235813367,0.05044136191677175,0.05674653215636822,0.07566204287515763,0.07313997477931904,0.04791929382093316,0.04918032786885246,0.005044136191677175,0.025220680958385876,cytoplasmic
2986,340256.9948,0.07267247153382451,50.0776423308778,5.7214357376098635,-0.5037508372404554,0.06061620897521768,0.018419290020093772,0.05760214333556597,0.08740790354989954,0.03415941058271936,0.04655056932350971,0.031815137307434696,0.05190890823844608,0.06697923643670463,0.10616208975217682,0.018754186202277295,0.038178164768921635,0.04219691895512391,0.06329537843268587,0.05190890823844608,0.07602143335565975,0.04822505023442733,0.06128600133958473,0.013730743469524447,0.02478231748158071,cytoplasmic
1766,200549.68269999998,0.08833522083805209,46.28398074745219,5.893032646179199,-0.11013590033975088,0.051528878822197054,0.026613816534541337,0.04699886749716874,0.07644394110985278,0.04473386183465459,0.0362400906002265,0.019818799546998868,0.05379388448471121,0.07587768969422423,0.14552661381653453,0.019818799546998868,0.039071347678369193,0.04246885617214043,0.039637599093997736,0.033408833522083806,0.09456398640996602,0.05379388448471121,0.05605889014722537,0.01698754246885617,0.026613816534541337,cytoplasmic
919,101947.965,0.07072905331882481,51.76855277475546,5.593945884704589,-0.41196953210010884,0.05767138193688792,0.029379760609358,0.05767138193688792,0.06528835690968444,0.03482045701849837,0.06964091403699674,0.031556039173014146,0.042437431991294884,0.05223068552774755,0.1044613710554951,0.023939064200217627,0.04352557127312296,0.05005440696409141,0.05767138193688792,0.042437431991294884,0.0957562568008705,0.05223068552774755,0.05331882480957562,0.009793253536452665,0.026115342763873776,cytoplasmic
367,40786.4293,0.08991825613079019,49.11907356948229,5.772192955017089,-0.13787465940054497,0.10626702997275204,0.01634877384196185,0.04632152588555858,0.07084468664850137,0.04632152588555858,0.08174386920980926,0.02452316076294278,0.02997275204359673,0.0326975476839237,0.11716621253405994,0.027247956403269755,0.01634877384196185,0.07084468664850137,0.05994550408719346,0.0653950953678474,0.02997275204359673,0.043596730245231606,0.07084468664850137,0.013623978201634877,0.02997275204359673,cytoplasmic
847,97147.4192,0.10271546635182999,33.92884297520676,6.709354209899902,-0.323258559622196,0.06965761511216056,0.008264462809917356,0.06257378984651712,0.06965761511216056,0.047225501770956316,0.05667060212514758,0.02243211334120425,0.06493506493506493,0.07674144037780402,0.09917355371900827,0.02715466351829988,0.0590318772136954,0.03778040141676505,0.03423848878394333,0.05194805194805195,0.04132231404958678,0.047225501770956316,0.06847697756788666,0.014167650531286895,0.04132231404958678,cytoplasmic
501,57135.55939999999,0.08183632734530939,44.836766467065914,6.106463050842284,-0.4163672654690619,0.0718562874251497,0.013972055888223553,0.05788423153692615,0.08183632734530938,0.0499001996007984,0.05189620758483034,0.027944111776447105,0.05588822355289421,0.05788423153692615,0.08183632734530938,0.029940119760479042,0.033932135728542916,0.04790419161676647,0.06187624750499002,0.06786427145708583,0.05389221556886228,0.04590818363273453,0.07584830339321358,0.001996007984031936,0.029940119760479042,cytoplasmic
227,24636.1069,0.06167400881057269,50.758149779735675,6.702078819274903,-0.16651982378854627,0.0881057268722467,0.013215859030837005,0.07048458149779736,0.039647577092511016,0.01762114537444934,0.1013215859030837,0.03524229074889868,0.06167400881057269,0.07048458149779736,0.09251101321585903,0.039647577092511016,0.02643171806167401,0.05286343612334802,0.04405286343612335,0.03524229074889868,0.06167400881057269,0.030837004405286344,0.07488986784140969,0.013215859030837005,0.030837004405286344,cytoplasmic
461,51008.2492,0.05639913232104122,59.350325379609615,7.591211128234864,-0.5425162689804772,0.08026030368763558,0.021691973969631236,0.05422993492407809,0.08459869848156182,0.028199566160520606,0.08893709327548807,0.021691973969631236,0.028199566160520606,0.039045553145336226,0.10412147505422993,0.01735357917570499,0.015184381778741865,0.07158351409978309,0.0368763557483731,0.1019522776572668,0.07158351409978309,0.04772234273318872,0.05856832971800434,0.010845986984815618,0.01735357917570499,cytoplasmic
656,74070.60829999999,0.08536585365853659,51.15137195121964,4.836282157897949,-0.4236280487804879,0.04573170731707317,0.03353658536585366,0.05945121951219512,0.09603658536585366,0.04573170731707317,0.04878048780487805,0.019817073170731708,0.053353658536585365,0.0625,0.08689024390243902,0.019817073170731708,0.042682926829268296,0.042682926829268296,0.04573170731707317,0.038109756097560975,0.09146341463414634,0.06554878048780488,0.0625,0.006097560975609756,0.03353658536585366,cytoplasmic
1182,128341.4699,0.0676818950930626,50.23571065989882,8.306058311462404,-0.49847715736040615,0.0829103214890017,0.015228426395939087,0.04060913705583756,0.06937394247038917,0.028764805414551606,0.08206429780033841,0.021996615905245348,0.028764805414551606,0.06345177664974619,0.08460236886632826,0.0194585448392555,0.03553299492385787,0.07868020304568528,0.03807106598984772,0.051607445008460234,0.09475465313028765,0.06260575296108291,0.06260575296108291,0.010998307952622674,0.027918781725888325,cytoplasmic
286,32922.364199999996,0.1048951048951049,43.048601398601406,5.446164512634277,-0.6681818181818182,0.07342657342657342,0.01048951048951049,0.07342657342657342,0.07692307692307693,0.05244755244755245,0.045454545454545456,0.027972027972027972,0.06293706293706294,0.06993006993006994,0.05944055944055944,0.013986013986013986,0.06293706293706294,0.03496503496503497,0.05944055944055944,0.04895104895104895,0.055944055944055944,0.05944055944055944,0.05944055944055944,0.017482517482517484,0.03496503496503497,cytoplasmic
375,41792.3943,0.08533333333333333,37.94669333333332,5.307534217834472,-0.19893333333333335,0.07733333333333334,0.016,0.05333333333333334,0.07733333333333334,0.034666666666666665,0.07466666666666667,0.024,0.07733333333333334,0.050666666666666665,0.072,0.04533333333333334,0.024,0.050666666666666665,0.032,0.048,0.06666666666666667,0.06933333333333333,0.056,0.010666666666666666,0.04,cytoplasmic
329,35206.1964,0.06990881458966565,28.195744680851057,8.557742881774903,0.05653495440729483,0.1033434650455927,0.00911854103343465,0.03343465045592705,0.06382978723404255,0.02735562310030395,0.1094224924012158,0.030395136778115502,0.0851063829787234,0.06990881458966565,0.08206686930091185,0.0182370820668693,0.02735562310030395,0.0364741641337386,0.030395136778115502,0.0364741641337386,0.06382978723404255,0.04559270516717325,0.0851063829787234,0.00303951367781155,0.03951367781155015,cytoplasmic
721,80378.9343,0.07212205270457699,57.570055478502304,4.977924919128417,-0.2764216366158114,0.06796116504854369,0.018030513176144243,0.06102635228848821,0.08321775312066575,0.036061026352288486,0.0638002773925104,0.024965325936199722,0.047156726768377254,0.04299583911234397,0.10263522884882108,0.020804438280166437,0.04299583911234397,0.044382801664355064,0.04854368932038835,0.052704576976421634,0.08044382801664356,0.04160887656033287,0.08460471567267684,0.012482662968099861,0.023578363384188627,cytoplasmic
192,21994.6379,0.09895833333333334,45.84114583333333,5.561490821838378,-0.43124999999999997,0.0625,0.015625,0.0625,0.08854166666666667,0.057291666666666664,0.08333333333333333,0.010416666666666666,0.041666666666666664,0.041666666666666664,0.09895833333333333,0.010416666666666666,0.020833333333333332,0.03125,0.06770833333333333,0.09375,0.057291666666666664,0.036458333333333336,0.078125,0.026041666666666668,0.015625,cytoplasmic
474,53290.3103,0.0379746835443038,74.54831223628715,6.869640159606934,-0.9744725738396626,0.05485232067510549,0.006329113924050633,0.027426160337552744,0.11181434599156118,0.0189873417721519,0.052742616033755275,0.023206751054852322,0.03375527426160337,0.06751054852320675,0.0949367088607595,0.03375527426160337,0.0379746835443038,0.08438818565400844,0.07383966244725738,0.06962025316455696,0.10970464135021098,0.052742616033755275,0.027426160337552744,0.002109704641350211,0.016877637130801686,cytoplasmic
422,47874.4951,0.11611374407582939,37.94789099526065,6.015520668029784,-0.15402843601895738,0.05924170616113744,0.014218009478672985,0.05687203791469194,0.054502369668246446,0.06872037914691943,0.06872037914691943,0.030805687203791468,0.04976303317535545,0.052132701421800945,0.08767772511848342,0.03317535545023697,0.026066350710900472,0.06635071090047394,0.05924170616113744,0.04265402843601896,0.05924170616113744,0.04265402843601896,0.08056872037914692,0.018957345971563982,0.02843601895734597,cytoplasmic
1602,177969.93099999998,0.05118601747815231,59.97054931335866,6.282038688659668,-0.6657303370786517,0.08177278401997504,0.0149812734082397,0.0599250936329588,0.08739076154806492,0.025593008739076155,0.046192259675405745,0.02746566791510612,0.033707865168539325,0.07677902621722846,0.09238451935081149,0.019350811485642945,0.02372034956304619,0.07428214731585518,0.04868913857677903,0.0599250936329588,0.10299625468164794,0.04119850187265917,0.05805243445692884,0.006242197253433208,0.019350811485642945,cytoplasmic
622,70440.863,0.10610932475884245,40.879437299035395,6.806492042541504,-0.3266881028938907,0.06430868167202572,0.027331189710610933,0.05466237942122187,0.06913183279742766,0.04983922829581994,0.05787781350482315,0.01607717041800643,0.04340836012861737,0.08038585209003216,0.09485530546623794,0.02090032154340836,0.04662379421221865,0.04823151125401929,0.03376205787781351,0.04180064308681672,0.06430868167202572,0.06270096463022508,0.06752411575562701,0.017684887459807074,0.03858520900321544,cytoplasmic
450,49857.9843,0.09555555555555556,33.68866666666666,5.004980278015137,-0.1348888888888889,0.09111111111111111,0.028888888888888888,0.057777777777777775,0.07777777777777778,0.044444444444444446,0.07555555555555556,0.028888888888888888,0.057777777777777775,0.042222222222222223,0.07333333333333333,0.022222222222222223,0.03333333333333333,0.044444444444444446,0.03333333333333333,0.044444444444444446,0.04888888888888889,0.06444444444444444,0.08,0.011111111111111112,0.04,cytoplasmic
625,68724.7775,0.06559999999999999,52.286720000000194,8.213094902038574,-0.33136000000000004,0.0928,0.0288,0.0368,0.0736,0.0384,0.0704,0.0304,0.0256,0.0448,0.0976,0.0112,0.0272,0.0864,0.0464,0.072,0.0544,0.056,0.08,0.008,0.0192,cytoplasmic
738,80551.0112,0.06097560975609756,55.37521680216824,6.480577278137207,-0.7161246612466124,0.08672086720867209,0.009485094850948509,0.044715447154471545,0.07452574525745258,0.03116531165311653,0.05555555555555555,0.014905149051490514,0.032520325203252036,0.05555555555555555,0.07588075880758807,0.009485094850948509,0.04065040650406504,0.10975609756097561,0.05555555555555555,0.05962059620596206,0.10569105691056911,0.058265582655826556,0.05013550135501355,0.005420054200542005,0.024390243902439025,cytoplasmic
612,68282.5605,0.10294117647058823,39.94869281045758,6.275786399841309,-0.4019607843137255,0.08823529411764706,0.014705882352941176,0.058823529411764705,0.06535947712418301,0.05555555555555555,0.06535947712418301,0.021241830065359478,0.05228758169934641,0.0784313725490196,0.08496732026143791,0.016339869281045753,0.04084967320261438,0.05228758169934641,0.042483660130718956,0.03758169934640523,0.07679738562091504,0.05555555555555555,0.0457516339869281,0.016339869281045753,0.03104575163398693,cytoplasmic
755,84456.3547,0.0847682119205298,54.35814569536442,6.199906349182128,-0.2617218543046358,0.07152317880794702,0.031788079470198675,0.05695364238410596,0.05562913907284768,0.033112582781456956,0.06622516556291391,0.025165562913907286,0.02781456953642384,0.0423841059602649,0.10596026490066225,0.033112582781456956,0.04370860927152318,0.0423841059602649,0.039735099337748346,0.059602649006622516,0.07947019867549669,0.060927152317880796,0.0728476821192053,0.02119205298013245,0.030463576158940398,cytoplasmic
369,42776.5141,0.07317073170731708,43.60460704607044,6.21025104522705,-0.5956639566395664,0.037940379403794036,0.02168021680216802,0.07859078590785908,0.08130081300813008,0.04065040650406504,0.04878048780487805,0.032520325203252036,0.056910569105691054,0.08401084010840108,0.08672086720867209,0.032520325203252036,0.02981029810298103,0.04336043360433604,0.05962059620596206,0.06233062330623306,0.04607046070460705,0.051490514905149054,0.07317073170731707,0.005420054200542005,0.02710027100271003,cytoplasmic
568,65582.24720000001,0.06338028169014084,41.92306338028171,5.83636417388916,-0.8892605633802817,0.05457746478873239,0.01056338028169014,0.09507042253521127,0.09154929577464789,0.02640845070422535,0.04401408450704225,0.02464788732394366,0.051056338028169015,0.10035211267605634,0.06338028169014084,0.040492957746478875,0.04929577464788732,0.02992957746478873,0.035211267605633804,0.06690140845070422,0.06514084507042253,0.04753521126760563,0.06690140845070422,0.007042253521126761,0.02992957746478873,cytoplasmic
397,41350.3813,0.03778337531486146,34.960453400503766,6.465969657897949,0.20251889168765744,0.11586901763224182,0.022670025188916875,0.04030226700251889,0.055415617128463476,0.020151133501259445,0.10831234256926953,0.020151133501259445,0.07556675062972293,0.05289672544080604,0.07304785894206549,0.030226700251889168,0.03526448362720403,0.04534005037783375,0.030226700251889168,0.037783375314861464,0.07052896725440806,0.04534005037783375,0.10327455919395466,0.010075566750629723,0.007556675062972292,cytoplasmic
469,53694.99,0.14925373134328357,38.305543710021304,5.39154224395752,-0.3699360341151386,0.07036247334754797,0.01279317697228145,0.06823027718550106,0.05543710021321962,0.06609808102345416,0.07249466950959488,0.021321961620469083,0.057569296375266525,0.06609808102345416,0.07889125799573561,0.01279317697228145,0.03837953091684435,0.0511727078891258,0.053304904051172705,0.031982942430703626,0.057569296375266525,0.0511727078891258,0.0511727078891258,0.031982942430703626,0.0511727078891258,cytoplasmic
881,98501.70619999999,0.06242905788876277,49.71636776390492,5.426441383361816,-0.7964812712826335,0.07150964812712826,0.011350737797956867,0.0681044267877412,0.09988649262202043,0.032917139614074914,0.056753688989784334,0.024971623155505107,0.046538024971623154,0.07150964812712826,0.07150964812712826,0.015891032917139614,0.022701475595913734,0.06583427922814983,0.039727582292849034,0.06469920544835414,0.08853575482406356,0.07377979568671963,0.04426787741203178,0.0056753688989784334,0.02383654937570942,cytoplasmic
452,50239.7541,0.05309734513274336,41.10907079646017,6.076054191589355,-0.11305309734513276,0.05752212389380531,0.028761061946902654,0.06415929203539823,0.07079646017699115,0.022123893805309734,0.061946902654867256,0.015486725663716814,0.0752212389380531,0.07743362831858407,0.10398230088495575,0.030973451327433628,0.033185840707964605,0.03982300884955752,0.03761061946902655,0.048672566371681415,0.07964601769911504,0.035398230088495575,0.08628318584070796,0.00663716814159292,0.024336283185840708,cytoplasmic
619,68638.73419999999,0.045234248788368334,59.37318255250422,5.8221544265747065,-0.7273021001615508,0.09046849757673667,0.012924071082390954,0.0420032310177706,0.10339256865912763,0.006462035541195477,0.08077544426494346,0.027463651050080775,0.0210016155088853,0.048465266558966075,0.12439418416801293,0.012924071082390954,0.03715670436187399,0.033925686591276254,0.07108239095315025,0.07592891760904685,0.08077544426494346,0.04361873990306947,0.048465266558966075,0.006462035541195477,0.03231017770597738,cytoplasmic
265,29930.749300000003,0.09433962264150943,46.24003773584906,5.8126623153686525,-0.3441509433962264,0.06037735849056604,0.03018867924528302,0.052830188679245285,0.07924528301886792,0.05660377358490566,0.05660377358490566,0.03773584905660377,0.06037735849056604,0.06792452830188679,0.09056603773584905,0.018867924528301886,0.04905660377358491,0.06037735849056604,0.033962264150943396,0.03773584905660377,0.07924528301886792,0.03773584905660377,0.052830188679245285,0.01509433962264151,0.022641509433962263,cytoplasmic
739,78503.83649999999,0.03382949932341001,68.74127198917486,9.334973716735842,-0.5719891745602165,0.10419485791610285,0.013531799729364006,0.044654939106901215,0.06224627875507442,0.02165087956698241,0.056833558863328824,0.013531799729364006,0.02706359945872801,0.06495263870094722,0.08660351826792964,0.014884979702300407,0.029769959404600813,0.11907983761840325,0.03112313937753721,0.06495263870094722,0.13531799729364005,0.04736129905277402,0.05006765899864682,0.008119079837618403,0.0040595399188092015,cytoplasmic
586,65400.67309999999,0.04778156996587031,63.48054607508553,9.055761146545407,-0.6631399317406144,0.07337883959044368,0.008532423208191127,0.042662116040955635,0.09215017064846416,0.02901023890784983,0.051194539249146756,0.020477815699658702,0.059726962457337884,0.07337883959044368,0.06143344709897611,0.025597269624573378,0.03583617747440273,0.08191126279863481,0.040955631399317405,0.07679180887372014,0.08191126279863481,0.06143344709897611,0.06484641638225255,0.0034129692832764505,0.015358361774744027,cytoplasmic
502,55292.2521,0.055776892430278883,73.27254980079711,5.99875316619873,-0.8364541832669323,0.08764940239043825,0.00398406374501992,0.06573705179282868,0.05976095617529881,0.0199203187250996,0.0398406374501992,0.02390438247011952,0.0398406374501992,0.05179282868525897,0.061752988047808766,0.02390438247011952,0.037848605577689244,0.1454183266932271,0.05776892430278884,0.05976095617529881,0.09760956175298804,0.0398406374501992,0.04780876494023904,0.00597609561752988,0.029880478087649404,cytoplasmic
1055,114944.9919,0.08246445497630332,50.098312796208795,7.50060977935791,-0.2209478672985782,0.09289099526066351,0.024644549763033177,0.03886255924170616,0.06255924170616113,0.04170616113744076,0.09004739336492891,0.023696682464454975,0.04834123222748815,0.04549763033175355,0.0985781990521327,0.01990521327014218,0.034123222748815164,0.07488151658767772,0.035071090047393366,0.05687203791469194,0.07677725118483412,0.04549763033175355,0.04928909952606635,0.012322274881516588,0.02843601895734597,cytoplasmic
380,42253.1702,0.09210526315789473,46.06868421052632,6.3891801834106445,-0.3668421052631579,0.10263157894736842,0.021052631578947368,0.04473684210526316,0.05,0.039473684210526314,0.06315789473684211,0.03684210526315789,0.02368421052631579,0.021052631578947368,0.10263157894736842,0.010526315789473684,0.015789473684210527,0.08157894736842106,0.0868421052631579,0.06315789473684211,0.07105263157894737,0.05263157894736842,0.060526315789473685,0.018421052631578946,0.034210526315789476,cytoplasmic
791,89123.0153,0.07964601769911504,41.52705436156776,6.359510231018065,-0.4482932996207333,0.0493046776232617,0.035398230088495575,0.0606826801517067,0.06826801517067003,0.035398230088495575,0.07458912768647281,0.0316055625790139,0.04298356510745891,0.06700379266750948,0.0922882427307206,0.035398230088495575,0.039190897597977246,0.05815423514538559,0.03792667509481669,0.051833122629582805,0.06700379266750948,0.05056890012642225,0.05815423514538559,0.015170670037926675,0.029077117572692796,cytoplasmic
237,26215.024299999997,0.08016877637130802,49.96881856540085,4.0500284194946286,-0.6561181434599156,0.06751054852320675,0.012658227848101266,0.10548523206751055,0.1350210970464135,0.0379746835443038,0.08016877637130802,0.02531645569620253,0.02109704641350211,0.02109704641350211,0.08860759493670886,0.029535864978902954,0.012658227848101266,0.05485232067510549,0.0379746835443038,0.03375527426160337,0.08438818565400844,0.05907172995780591,0.05063291139240506,0.004219409282700422,0.0379746835443038,cytoplasmic
649,70677.9658,0.09090909090909091,27.930354391371345,5.85972499847412,-0.09537750385208014,0.060092449922958396,0.026194144838212634,0.06779661016949153,0.04314329738058552,0.03543913713405239,0.10631741140215717,0.04160246533127889,0.030816640986132512,0.040061633281972264,0.09399075500770417,0.012326656394453005,0.023112480739599383,0.03543913713405239,0.026194144838212634,0.04468412942989214,0.08628659476117104,0.0662557781201849,0.10477657935285054,0.026194144838212634,0.029275808936825885,cytoplasmic
446,49908.184,0.09192825112107623,38.14977578475336,5.68045482635498,-0.1737668161434978,0.08071748878923767,0.03139013452914798,0.04932735426008968,0.07623318385650224,0.0515695067264574,0.06502242152466367,0.03587443946188341,0.04708520179372197,0.03587443946188341,0.08744394618834081,0.02242152466367713,0.033632286995515695,0.042600896860986545,0.03587443946188341,0.06053811659192825,0.06502242152466367,0.06278026905829596,0.07623318385650224,0.008968609865470852,0.03139013452914798,cytoplasmic
444,49572.0986,0.09234234234234234,38.53986486486484,4.7502847671508786,-0.340990990990991,0.07882882882882883,0.024774774774774775,0.05855855855855856,0.08333333333333333,0.0518018018018018,0.07432432432432433,0.02927927927927928,0.04279279279279279,0.02702702702702703,0.07207207207207207,0.04054054054054054,0.04504504504504504,0.04504504504504504,0.0472972972972973,0.04954954954954955,0.060810810810810814,0.06756756756756757,0.060810810810810814,0.009009009009009009,0.03153153153153153,cytoplasmic
778,87686.6254,0.08097686375321336,58.81093830334214,8.908902168273926,-0.7160668380462725,0.04884318766066838,0.042416452442159386,0.05141388174807198,0.06298200514138817,0.03598971722365039,0.07197943444730077,0.037275064267352186,0.04113110539845758,0.06683804627249357,0.06812339331619537,0.02313624678663239,0.02699228791773779,0.07840616966580977,0.038560411311053984,0.07583547557840617,0.08997429305912596,0.05398457583547558,0.04113110539845758,0.005141388174807198,0.03984575835475578,cytoplasmic
755,82250.1656,0.05033112582781457,66.70251655629167,6.472221946716308,-0.6872847682119205,0.07019867549668875,0.013245033112582781,0.052980132450331126,0.06622516556291391,0.02119205298013245,0.060927152317880796,0.019867549668874173,0.0423841059602649,0.054304635761589407,0.07019867549668875,0.025165562913907286,0.02119205298013245,0.09668874172185431,0.05562913907284768,0.059602649006622516,0.1337748344370861,0.06357615894039735,0.04370860927152318,0.007947019867549669,0.02119205298013245,cytoplasmic
108,12854.6907,0.037037037037037035,57.33425925925926,5.252684593200683,-0.9444444444444444,0.08333333333333333,0.009259259259259259,0.06481481481481481,0.17592592592592593,0.0,0.018518518518518517,0.0,0.06481481481481481,0.12962962962962962,0.09259259259259259,0.046296296296296294,0.018518518518518517,0.018518518518518517,0.06481481481481481,0.08333333333333333,0.018518518518518517,0.009259259259259259,0.06481481481481481,0.0,0.037037037037037035,cytoplasmic
289,32117.513099999996,0.09342560553633218,30.487543252595156,6.4542039871215815,-0.16643598615916957,0.07612456747404844,0.01384083044982699,0.04498269896193772,0.06228373702422145,0.05190311418685121,0.09688581314878893,0.02768166089965398,0.04152249134948097,0.04152249134948097,0.08996539792387544,0.04152249134948097,0.03806228373702422,0.05190311418685121,0.04498269896193772,0.058823529411764705,0.04498269896193772,0.05190311418685121,0.07958477508650519,0.010380622837370242,0.031141868512110725,cytoplasmic
444,49585.2377,0.09684684684684684,36.599099099099064,4.780523109436035,-0.32139639639639644,0.07207207207207207,0.018018018018018018,0.05405405405405406,0.08333333333333333,0.05405405405405406,0.07882882882882883,0.02252252252252252,0.036036036036036036,0.03153153153153153,0.07432432432432433,0.04054054054054054,0.0472972972972973,0.04504504504504504,0.0472972972972973,0.04954954954954955,0.05855855855855856,0.06981981981981981,0.07432432432432433,0.009009009009009009,0.033783783783783786,cytoplasmic
285,32949.598,0.02456140350877193,43.69649122807017,4.684635734558105,-1.0403508771929824,0.13333333333333333,0.0035087719298245615,0.06666666666666667,0.21403508771929824,0.0035087719298245615,0.010526315789473684,0.007017543859649123,0.042105263157894736,0.13333333333333333,0.11929824561403508,0.028070175438596492,0.02456140350877193,0.0,0.05263157894736842,0.04912280701754386,0.03859649122807018,0.028070175438596492,0.02456140350877193,0.0,0.021052631578947368,cytoplasmic
361,39329.597499999996,0.038781163434903045,41.722991689750664,6.677808570861817,-0.20470914127423825,0.09141274238227147,0.0110803324099723,0.05263157894736842,0.06371191135734072,0.024930747922437674,0.08033240997229917,0.036011080332409975,0.055401662049861494,0.05263157894736842,0.11911357340720222,0.019390581717451522,0.036011080332409975,0.04709141274238227,0.05263157894736842,0.05817174515235457,0.055401662049861494,0.05817174515235457,0.07202216066481995,0.00554016620498615,0.008310249307479225,cytoplasmic
149,17302.3082,0.020134228187919465,70.86577181208054,5.762416648864746,-1.3107382550335571,0.10067114093959731,0.0,0.040268456375838924,0.20134228187919462,0.020134228187919462,0.006711409395973154,0.026845637583892617,0.03355704697986577,0.15436241610738255,0.087248322147651,0.026845637583892617,0.040268456375838924,0.040268456375838924,0.040268456375838924,0.06040268456375839,0.0738255033557047,0.013422818791946308,0.03355704697986577,0.0,0.0,cytoplasmic
359,40568.683099999995,0.05013927576601671,44.48161559888578,5.027204322814941,-0.6041782729805014,0.06685236768802229,0.005571030640668524,0.055710306406685235,0.11142061281337047,0.016713091922005572,0.04178272980501393,0.008356545961002786,0.04456824512534819,0.0807799442896936,0.12813370473537605,0.027855153203342618,0.07242339832869081,0.06128133704735376,0.033426183844011144,0.05013927576601671,0.055710306406685235,0.05013927576601671,0.055710306406685235,0.002785515320334262,0.03064066852367688,cytoplasmic
286,32555.747,0.09090909090909091,51.57524475524476,5.618955039978027,-0.38671328671328675,0.04195804195804196,0.01048951048951049,0.05244755244755245,0.08041958041958042,0.038461538461538464,0.08391608391608392,0.02097902097902098,0.03146853146853147,0.038461538461538464,0.11538461538461539,0.027972027972027972,0.017482517482517484,0.05944055944055944,0.06293706293706294,0.07342657342657342,0.06293706293706294,0.04895104895104895,0.08041958041958042,0.02097902097902098,0.03146853146853147,cytoplasmic
775,87797.6752,0.09161290322580645,35.15961290322592,6.713844490051269,-0.3068387096774194,0.08387096774193549,0.02064516129032258,0.05290322580645161,0.07612903225806451,0.04645161290322581,0.05806451612903226,0.03354838709677419,0.03612903225806452,0.05935483870967742,0.10580645161290322,0.02064516129032258,0.03096774193548387,0.05548387096774193,0.03483870967741935,0.06451612903225806,0.04258064516129032,0.05935483870967742,0.07354838709677419,0.012903225806451613,0.03225806451612903,cytoplasmic
201,22987.7254,0.07960199004975124,25.314427860696505,5.10228862762451,-0.7855721393034826,0.03482587064676617,0.004975124378109453,0.08955223880597014,0.1044776119402985,0.024875621890547265,0.05472636815920398,0.024875621890547265,0.029850746268656716,0.11442786069651742,0.08955223880597014,0.024875621890547265,0.024875621890547265,0.06965174129353234,0.01990049751243781,0.029850746268656716,0.04975124378109453,0.07462686567164178,0.07960199004975124,0.014925373134328358,0.03980099502487562,cytoplasmic
323,36734.849,0.09287925696594428,38.189504643962856,7.131099510192871,-0.3012383900928793,0.07120743034055728,0.021671826625386997,0.05572755417956656,0.07120743034055728,0.04024767801857585,0.04643962848297214,0.030959752321981424,0.04643962848297214,0.0804953560371517,0.11145510835913312,0.015479876160990712,0.05263157894736842,0.058823529411764705,0.034055727554179564,0.04643962848297214,0.058823529411764705,0.021671826625386997,0.08359133126934984,0.009287925696594427,0.043343653250773995,cytoplasmic
1430,160044.25840000002,0.07202797202797202,42.54783216783246,6.371275901794434,-0.24580419580419585,0.06433566433566433,0.024475524475524476,0.05944055944055944,0.06083916083916084,0.03566433566433566,0.06083916083916084,0.033566433566433566,0.05174825174825175,0.055944055944055944,0.11748251748251748,0.02027972027972028,0.04965034965034965,0.045454545454545456,0.03986013986013986,0.05384615384615385,0.07412587412587412,0.046153846153846156,0.06993006993006994,0.009790209790209791,0.026573426573426574,cytoplasmic
1101,120837.8301,0.08628519527702089,33.07359673024535,6.947054862976074,-0.1052679382379655,0.08174386920980926,0.014532243415077202,0.053587647593097185,0.05722070844686648,0.03996366939146231,0.09264305177111716,0.022706630336058128,0.06993642143505904,0.0653950953678474,0.08174386920980926,0.030881017257039057,0.03178928247048138,0.05267938237965486,0.02997275204359673,0.043596730245231606,0.055404178019981834,0.05722070844686648,0.07266121707538602,0.009990917347865577,0.03633060853769301,cytoplasmic
377,42008.5027,0.08488063660477455,36.648832891246684,5.235291862487792,-0.23262599469496023,0.07692307692307693,0.01856763925729443,0.05570291777188329,0.07692307692307693,0.03183023872679045,0.07427055702917772,0.023872679045092837,0.07957559681697612,0.050397877984084884,0.07161803713527852,0.042440318302387266,0.03183023872679045,0.050397877984084884,0.029177718832891247,0.04774535809018567,0.06896551724137931,0.0636604774535809,0.05305039787798409,0.010610079575596816,0.042440318302387266,cytoplasmic
448,49923.852100000004,0.09598214285714286,38.080803571428554,4.946663475036621,-0.2515625,0.08035714285714286,0.029017857142857144,0.06473214285714286,0.078125,0.044642857142857144,0.07589285714285714,0.029017857142857144,0.060267857142857144,0.04241071428571429,0.06919642857142858,0.024553571428571428,0.03571428571428571,0.049107142857142856,0.03571428571428571,0.046875,0.05133928571428571,0.060267857142857144,0.07142857142857142,0.008928571428571428,0.04241071428571429,cytoplasmic
225,25007.3998,0.08444444444444445,37.483644444444465,5.534037590026855,-0.12666666666666668,0.08888888888888889,0.013333333333333334,0.04888888888888889,0.09333333333333334,0.06222222222222222,0.08,0.017777777777777778,0.07111111111111111,0.06222222222222222,0.08,0.022222222222222223,0.03111111111111111,0.04,0.04,0.057777777777777775,0.04888888888888889,0.04,0.08,0.0044444444444444444,0.017777777777777778,cytoplasmic
241,27565.5371,0.11203319502074689,45.75352697095436,6.23571491241455,-0.38008298755186726,0.05394190871369295,0.02074688796680498,0.03734439834024896,0.0995850622406639,0.05394190871369295,0.06224066390041494,0.008298755186721992,0.04979253112033195,0.0954356846473029,0.11203319502074689,0.029045643153526972,0.04149377593360996,0.06639004149377593,0.024896265560165973,0.03734439834024896,0.07053941908713693,0.03734439834024896,0.04149377593360996,0.02074688796680498,0.03734439834024896,cytoplasmic
323,36787.9135,0.09287925696594428,41.47804953560372,8.01756229400635,-0.33095975232198144,0.07120743034055728,0.02476780185758514,0.05572755417956656,0.07120743034055728,0.04024767801857585,0.04643962848297214,0.02476780185758514,0.04643962848297214,0.0804953560371517,0.11145510835913312,0.01238390092879257,0.05263157894736842,0.058823529411764705,0.03715170278637771,0.05263157894736842,0.05572755417956656,0.02476780185758514,0.0804953560371517,0.009287925696594427,0.043343653250773995,cytoplasmic
445,49906.4387,0.09662921348314607,39.2887640449438,4.780352592468262,-0.40764044943820227,0.06292134831460675,0.015730337078651686,0.058426966292134834,0.08089887640449438,0.051685393258426963,0.07865168539325842,0.02247191011235955,0.04269662921348315,0.033707865168539325,0.07191011235955057,0.04269662921348315,0.051685393258426963,0.0449438202247191,0.04943820224719101,0.04943820224719101,0.06741573033707865,0.0651685393258427,0.0651685393258427,0.008988764044943821,0.035955056179775284,cytoplasmic
482,55504.369699999996,0.09543568464730291,52.14709543568469,7.099667549133301,-0.3510373443983403,0.056016597510373446,0.01867219917012448,0.05186721991701245,0.056016597510373446,0.04979253112033195,0.04564315352697095,0.04771784232365145,0.04564315352697095,0.029045643153526972,0.12863070539419086,0.022821576763485476,0.04771784232365145,0.035269709543568464,0.05186721991701245,0.07676348547717843,0.0995850622406639,0.043568464730290454,0.04771784232365145,0.014522821576763486,0.03112033195020747,cytoplasmic
1564,174549.68589999998,0.07161125319693094,46.44118286445049,6.280901908874512,-0.10217391304347828,0.0741687979539642,0.026854219948849106,0.052429667519181586,0.0632992327365729,0.03132992327365729,0.0632992327365729,0.03324808184143223,0.03644501278772379,0.04092071611253197,0.13810741687979539,0.016624040920716114,0.020460358056265986,0.0479539641943734,0.04731457800511509,0.06265984654731457,0.0748081841432225,0.053069053708439895,0.07672634271099744,0.021099744245524295,0.01918158567774936,cytoplasmic
327,37030.8857,0.08256880733944955,42.8869113149847,5.3628953933715815,-0.774006116207951,0.0672782874617737,0.012232415902140673,0.0581039755351682,0.09174311926605505,0.039755351681957186,0.05504587155963303,0.03363914373088685,0.05198776758409786,0.07339449541284404,0.0672782874617737,0.021406727828746176,0.05198776758409786,0.06116207951070336,0.07033639143730887,0.03669724770642202,0.07951070336391437,0.03669724770642202,0.04892966360856269,0.009174311926605505,0.03363914373088685,cytoplasmic
355,40263.4476,0.07323943661971831,38.16340845070423,5.886211967468261,-0.3994366197183099,0.04788732394366197,0.011267605633802818,0.0647887323943662,0.07887323943661972,0.03943661971830986,0.05352112676056338,0.03943661971830986,0.059154929577464786,0.08169014084507042,0.12112676056338029,0.016901408450704224,0.02535211267605634,0.03943661971830986,0.05352112676056338,0.036619718309859155,0.07323943661971831,0.0676056338028169,0.056338028169014086,0.008450704225352112,0.02535211267605634,cytoplasmic
538,57577.5344,0.06691449814126395,49.2083643122677,5.512609291076658,0.10185873605947952,0.13197026022304834,0.01858736059479554,0.03717472118959108,0.06133828996282528,0.03903345724907063,0.08364312267657993,0.00929368029739777,0.011152416356877323,0.013011152416356878,0.15055762081784388,0.013011152416356878,0.013011152416356878,0.07806691449814127,0.06319702602230483,0.0724907063197026,0.06505576208178439,0.02973977695167286,0.08178438661710037,0.00929368029739777,0.01858736059479554,cytoplasmic
421,46276.801999999996,0.0831353919239905,38.09052256532066,6.902379417419434,-0.15938242280285037,0.08788598574821853,0.0166270783847981,0.040380047505938245,0.07600950118764846,0.03800475059382423,0.10451306413301663,0.030878859857482184,0.035629453681710214,0.04275534441805225,0.12114014251781473,0.0166270783847981,0.021377672209026127,0.0831353919239905,0.021377672209026127,0.07125890736342043,0.035629453681710214,0.03800475059382423,0.07363420427553444,0.011876484560570071,0.0332541567695962,cytoplasmic
238,27561.911699999997,0.09243697478991596,51.575630252100844,7.020433998107909,-0.7373949579831933,0.05042016806722689,0.01680672268907563,0.04201680672268908,0.1092436974789916,0.046218487394957986,0.04201680672268908,0.025210084033613446,0.029411764705882353,0.08823529411764706,0.1092436974789916,0.01680672268907563,0.037815126050420166,0.046218487394957986,0.04201680672268908,0.06302521008403361,0.08403361344537816,0.058823529411764705,0.046218487394957986,0.008403361344537815,0.037815126050420166,cytoplasmic
726,79442.6344,0.07713498622589532,36.73539944903583,5.331690788269043,-0.13732782369146007,0.06060606060606061,0.02066115702479339,0.06198347107438017,0.05371900826446281,0.03305785123966942,0.08264462809917356,0.02066115702479339,0.06198347107438017,0.06198347107438017,0.11019283746556474,0.013774104683195593,0.045454545454545456,0.05234159779614325,0.04269972451790634,0.027548209366391185,0.07988980716253444,0.05509641873278237,0.07162534435261708,0.01652892561983471,0.027548209366391185,cytoplasmic
568,60594.1083,0.05985915492957746,75.86813380281718,7.565178871154786,-0.507218309859155,0.0897887323943662,0.017605633802816902,0.03697183098591549,0.04753521126760563,0.02640845070422535,0.0721830985915493,0.01584507042253521,0.028169014084507043,0.028169014084507043,0.09330985915492958,0.01584507042253521,0.03169014084507042,0.11795774647887323,0.06338028169014084,0.058098591549295774,0.14084507042253522,0.045774647887323945,0.03697183098591549,0.007042253521126761,0.02640845070422535,cytoplasmic
1001,116010.0929,0.1048951048951049,39.33187812187831,8.977754402160645,-0.7108891108891109,0.03396603396603397,0.02097902097902098,0.058941058941058944,0.056943056943056944,0.04195804195804196,0.04795204795204795,0.03396603396603397,0.04295704295704296,0.07692307692307693,0.08391608391608392,0.023976023976023976,0.04795204795204795,0.04995004995004995,0.04495504495504495,0.060939060939060936,0.08691308691308691,0.07392607392607392,0.04995004995004995,0.015984015984015984,0.04695304695304695,cytoplasmic
284,32782.574700000005,0.04929577464788732,57.687676056338006,4.754092979431152,-1.2524647887323943,0.04225352112676056,0.007042253521126761,0.0880281690140845,0.14084507042253522,0.02464788732394366,0.04225352112676056,0.028169014084507043,0.04929577464788732,0.0880281690140845,0.06338028169014084,0.028169014084507043,0.045774647887323945,0.045774647887323945,0.05985915492957746,0.0528169014084507,0.08450704225352113,0.0528169014084507,0.03169014084507042,0.01056338028169014,0.014084507042253521,cytoplasmic
198,21222.290999999997,0.06060606060606061,44.7469696969697,6.2027482986450195,0.151010101010101,0.09090909090909091,0.030303030303030304,0.06060606060606061,0.05555555555555555,0.025252525252525252,0.1111111111111111,0.025252525252525252,0.030303030303030304,0.05555555555555555,0.14646464646464646,0.005050505050505051,0.010101010101010102,0.03535353535353535,0.045454545454545456,0.050505050505050504,0.06565656565656566,0.010101010101010102,0.1111111111111111,0.010101010101010102,0.025252525252525252,cytoplasmic
418,47089.5815,0.05741626794258373,66.27610047846903,9.306929969787596,-0.6193779904306221,0.05980861244019139,0.02631578947368421,0.045454545454545456,0.07416267942583732,0.03349282296650718,0.05741626794258373,0.011961722488038277,0.04066985645933014,0.05980861244019139,0.11004784688995216,0.009569377990430622,0.0215311004784689,0.10526315789473684,0.0645933014354067,0.09330143540669857,0.06220095693779904,0.050239234449760764,0.050239234449760764,0.004784688995215311,0.019138755980861243,cytoplasmic
343,38800.4563,0.09329446064139942,63.50469387755105,5.770033073425293,-0.343731778425656,0.052478134110787174,0.029154518950437316,0.05539358600583091,0.08163265306122448,0.052478134110787174,0.04956268221574344,0.03498542274052478,0.05830903790087463,0.04664723032069971,0.09912536443148688,0.014577259475218658,0.03498542274052478,0.05539358600583091,0.023323615160349854,0.0641399416909621,0.11661807580174927,0.037900874635568516,0.052478134110787174,0.0058309037900874635,0.03498542274052478,cytoplasmic
349,39017.486000000004,0.05730659025787966,45.75332378223495,6.066846275329589,-0.2200573065902579,0.05730659025787966,0.025787965616045846,0.045845272206303724,0.08022922636103152,0.02005730659025788,0.07449856733524356,0.04011461318051576,0.07736389684813753,0.06017191977077364,0.1174785100286533,0.025787965616045846,0.03151862464183381,0.04011461318051576,0.04297994269340974,0.045845272206303724,0.054441260744985676,0.07163323782234957,0.05157593123209169,0.008595988538681949,0.02865329512893983,cytoplasmic
245,28047.8565,0.1142857142857143,28.528163265306105,6.705716514587402,-0.3187755102040817,0.05714285714285714,0.024489795918367346,0.061224489795918366,0.061224489795918366,0.04081632653061224,0.07346938775510205,0.0326530612244898,0.08571428571428572,0.07755102040816327,0.061224489795918366,0.02040816326530612,0.036734693877551024,0.04897959183673469,0.044897959183673466,0.04081632653061224,0.044897959183673466,0.04081632653061224,0.07346938775510205,0.024489795918367346,0.04897959183673469,cytoplasmic
279,30311.384599999998,0.053763440860215055,44.16594982078855,8.3296537399292,-0.34659498207885303,0.08243727598566308,0.010752688172043012,0.03225806451612903,0.07885304659498207,0.017921146953405017,0.07526881720430108,0.021505376344086023,0.06451612903225806,0.06810035842293907,0.08243727598566308,0.010752688172043012,0.02867383512544803,0.1039426523297491,0.043010752688172046,0.05017921146953405,0.08243727598566308,0.03225806451612903,0.07885304659498207,0.010752688172043012,0.025089605734767026,cytoplasmic
375,41747.3239,0.08,29.433866666666667,5.828463554382325,-0.22613333333333335,0.064,0.037333333333333336,0.048,0.088,0.034666666666666665,0.088,0.029333333333333333,0.06133333333333333,0.072,0.09333333333333334,0.013333333333333334,0.032,0.032,0.04,0.042666666666666665,0.048,0.05333333333333334,0.07733333333333334,0.008,0.037333333333333336,cytoplasmic
748,82679.3215,0.07754010695187166,57.29521390374351,5.953054618835449,-0.2740641711229947,0.06283422459893048,0.026737967914438502,0.05213903743315508,0.05614973262032086,0.029411764705882353,0.08155080213903744,0.029411764705882353,0.03074866310160428,0.045454545454545456,0.10828877005347594,0.0374331550802139,0.03609625668449198,0.053475935828877004,0.0481283422459893,0.045454545454545456,0.08823529411764706,0.05481283422459893,0.06550802139037433,0.017379679144385027,0.03074866310160428,cytoplasmic
728,84646.9004,0.041208791208791215,63.81263736263752,5.09478588104248,-0.8108516483516485,0.06456043956043957,0.01510989010989011,0.04945054945054945,0.13873626373626374,0.016483516483516484,0.02197802197802198,0.02197802197802198,0.04395604395604396,0.08516483516483517,0.12362637362637363,0.03159340659340659,0.04532967032967033,0.023351648351648352,0.08928571428571429,0.05357142857142857,0.06043956043956044,0.04532967032967033,0.04532967032967033,0.006868131868131868,0.017857142857142856,cytoplasmic
735,83209.40849999999,0.07482993197278912,47.98844897959198,7.238752555847169,-0.3450340136054422,0.058503401360544216,0.044897959183673466,0.044897959183673466,0.06802721088435375,0.036734693877551024,0.03945578231292517,0.031292517006802724,0.05986394557823129,0.05986394557823129,0.09115646258503401,0.02585034013605442,0.05714285714285714,0.050340136054421766,0.04217687074829932,0.053061224489795916,0.08979591836734693,0.053061224489795916,0.055782312925170066,0.013605442176870748,0.024489795918367346,cytoplasmic
1129,127447.78710000002,0.07440212577502214,57.04756421612074,5.352721214294434,-0.28246235606731623,0.05137289636846767,0.030115146147032774,0.05934455270150576,0.0841452612931798,0.03985828166519043,0.04428697962798937,0.026572187776793623,0.04428697962798937,0.05491585473870682,0.1337466784765279,0.015943312666076175,0.026572187776793623,0.047829937998228524,0.03985828166519043,0.05491585473870682,0.11071744906997343,0.045172719220549155,0.05580159433126661,0.015943312666076175,0.018600531443755536,cytoplasmic
105,12253.568899999998,0.047619047619047616,46.62285714285714,11.589690971374516,-0.8314285714285714,0.10476190476190476,0.009523809523809525,0.02857142857142857,0.047619047619047616,0.02857142857142857,0.047619047619047616,0.0380952380952381,0.02857142857142857,0.1619047619047619,0.0761904761904762,0.047619047619047616,0.02857142857142857,0.02857142857142857,0.0,0.1523809523809524,0.0380952380952381,0.0380952380952381,0.0761904761904762,0.0,0.01904761904761905,cytoplasmic
490,55391.736999999994,0.0673469387755102,45.49757142857143,6.350813865661621,-0.5789795918367346,0.07959183673469387,0.012244897959183673,0.07346938775510205,0.08775510204081632,0.02857142857142857,0.06326530612244897,0.01020408163265306,0.05510204081632653,0.07346938775510205,0.07755102040816327,0.036734693877551024,0.024489795918367346,0.0653061224489796,0.030612244897959183,0.0836734693877551,0.0653061224489796,0.0326530612244898,0.061224489795918366,0.014285714285714285,0.024489795918367346,cytoplasmic
1219,134410.6578,0.054963084495488104,71.66439704676,6.13152904510498,-0.7009023789991796,0.06070549630844955,0.013125512715340444,0.043478260869565216,0.09269893355209188,0.027071369975389663,0.06726825266611977,0.02461033634126333,0.02871205906480722,0.05004101722723544,0.08695652173913043,0.017227235438884332,0.029532403609515995,0.081214109926169,0.045118949958982774,0.07383100902378999,0.13043478260869565,0.03937653814602133,0.06070549630844955,0.007383100902378999,0.020508613617719443,cytoplasmic
557,64405.0555,0.08078994614003591,40.88798922800722,7.258589363098145,-0.5342908438061041,0.0466786355475763,0.04847396768402154,0.04847396768402154,0.0843806104129264,0.0466786355475763,0.03949730700179533,0.04129263913824058,0.04129263913824058,0.0843806104129264,0.10412926391382406,0.017953321364452424,0.05745062836624776,0.03590664272890485,0.06463195691202872,0.04847396768402154,0.06104129263913824,0.03052064631956912,0.06463195691202872,0.005385996409335727,0.02872531418312388,cytoplasmic
519,59092.359000000004,0.0809248554913295,38.17456647398843,5.515337562561034,-0.6084778420038536,0.07321772639691715,0.015414258188824663,0.06936416184971098,0.09826589595375723,0.04238921001926782,0.05202312138728324,0.03275529865125241,0.04046242774566474,0.08670520231213873,0.0789980732177264,0.036608863198458574,0.04046242774566474,0.04816955684007707,0.03275529865125241,0.046242774566473986,0.06165703275529865,0.04238921001926782,0.06358381502890173,0.011560693641618497,0.02697495183044316,cytoplasmic
1243,140405.0904,0.0756234915526951,49.905148833467685,8.471226310729982,-0.5692679002413515,0.05148833467417538,0.017699115044247787,0.053901850362027354,0.07723250201126307,0.031375703942075624,0.05631536604987932,0.02815768302493966,0.05229283990345937,0.07723250201126307,0.08849557522123894,0.02172164119066774,0.039420756234915526,0.05953338696701529,0.032180209171359615,0.061946902654867256,0.09412711182622686,0.05148833467417538,0.061142397425583264,0.006436041834271922,0.03781174577634755,cytoplasmic
902,98828.0735,0.07982261640798227,29.53392461197344,5.633278465270995,-0.11252771618625279,0.08647450110864745,0.01662971175166297,0.0598669623059867,0.06984478935698447,0.04878048780487805,0.08869179600886919,0.022172949002217297,0.05321507760532151,0.06541019955654102,0.08869179600886919,0.022172949002217297,0.036585365853658534,0.045454545454545456,0.03325942350332594,0.043237250554323724,0.04878048780487805,0.050997782705099776,0.08869179600886919,0.012195121951219513,0.018847006651884702,cytoplasmic
460,49668.7193,0.052173913043478265,51.30934782608704,5.850573921203612,0.07065217391304346,0.11521739130434783,0.034782608695652174,0.05217391304347826,0.06304347826086956,0.017391304347826087,0.07391304347826087,0.017391304347826087,0.02826086956521739,0.03260869565217391,0.15,0.006521739130434782,0.015217391304347827,0.05652173913043478,0.04782608695652174,0.06956521739130435,0.06086956521739131,0.034782608695652174,0.0891304347826087,0.004347826086956522,0.030434782608695653,cytoplasmic
412,46529.804899999996,0.09466019417475728,37.945898058252425,8.082933235168458,-0.3674757281553398,0.06796116504854369,0.012135922330097087,0.038834951456310676,0.08495145631067962,0.03640776699029126,0.07524271844660194,0.024271844660194174,0.06553398058252427,0.08009708737864078,0.0825242718446602,0.021844660194174758,0.038834951456310676,0.04854368932038835,0.0412621359223301,0.04854368932038835,0.05825242718446602,0.043689320388349516,0.07281553398058252,0.012135922330097087,0.04611650485436893,cytoplasmic
154,17183.5975,0.07142857142857142,21.812987012987005,7.136897087097168,-0.47597402597402594,0.07792207792207792,0.006493506493506494,0.05194805194805195,0.09090909090909091,0.045454545454545456,0.09740259740259741,0.05844155844155844,0.05194805194805195,0.12987012987012986,0.11038961038961038,0.025974025974025976,0.01948051948051948,0.032467532467532464,0.045454545454545456,0.012987012987012988,0.045454545454545456,0.025974025974025976,0.045454545454545456,0.012987012987012988,0.012987012987012988,cytoplasmic
284,32850.359300000004,0.02464788732394366,46.67183098591547,4.661104393005371,-1.115492957746479,0.11971830985915492,0.007042253521126761,0.07394366197183098,0.2112676056338028,0.0035211267605633804,0.014084507042253521,0.0035211267605633804,0.03873239436619718,0.13732394366197184,0.10211267605633803,0.028169014084507043,0.02464788732394366,0.0,0.056338028169014086,0.04929577464788732,0.04225352112676056,0.028169014084507043,0.03873239436619718,0.0,0.02112676056338028,cytoplasmic
244,27506.661799999998,0.0860655737704918,36.974590163934415,5.9923303604125975,-0.038524590163934454,0.09016393442622951,0.012295081967213115,0.045081967213114756,0.07377049180327869,0.036885245901639344,0.06557377049180328,0.020491803278688523,0.05737704918032787,0.04918032786885246,0.15163934426229508,0.020491803278688523,0.012295081967213115,0.06147540983606557,0.06147540983606557,0.05737704918032787,0.045081967213114756,0.036885245901639344,0.05327868852459016,0.020491803278688523,0.028688524590163935,cytoplasmic
265,28627.3632,0.07169811320754717,40.378113207547166,5.351300239562988,-0.11660377358490569,0.09433962264150944,0.03018867924528302,0.033962264150943396,0.07924528301886792,0.03018867924528302,0.07547169811320754,0.01509433962264151,0.05660377358490566,0.06415094339622641,0.12075471698113208,0.007547169811320755,0.033962264150943396,0.06037735849056604,0.04150943396226415,0.026415094339622643,0.08679245283018867,0.05660377358490566,0.045283018867924525,0.007547169811320755,0.033962264150943396,cytoplasmic
403,45325.7538,0.09181141439205955,39.56081885856079,6.8653772354125975,-0.20322580645161292,0.07444168734491315,0.019851116625310174,0.05459057071960298,0.062034739454094295,0.04714640198511166,0.062034739454094295,0.02977667493796526,0.04466501240694789,0.07444168734491315,0.11910669975186104,0.02729528535980149,0.03722084367245657,0.04962779156327544,0.04466501240694789,0.03970223325062035,0.06947890818858561,0.034739454094292806,0.06451612903225806,0.01488833746898263,0.02977667493796526,cytoplasmic
274,30867.2584,0.12043795620437955,36.78284671532845,8.911545372009279,-0.1872262773722628,0.09124087591240876,0.0036496350364963502,0.043795620437956206,0.06204379562043796,0.06204379562043796,0.07664233576642336,0.025547445255474453,0.06934306569343066,0.08759124087591241,0.09124087591240876,0.025547445255474453,0.032846715328467155,0.04744525547445255,0.043795620437956206,0.032846715328467155,0.06204379562043796,0.032846715328467155,0.051094890510948905,0.021897810218978103,0.0364963503649635,cytoplasmic
735,82629.33469999999,0.07891156462585033,42.386122448979705,6.283459663391113,-0.26448979591836735,0.03945578231292517,0.0326530612244898,0.06394557823129252,0.05986394557823129,0.034013605442176874,0.0761904761904762,0.02585034013605442,0.05714285714285714,0.06802721088435375,0.10884353741496598,0.029931972789115645,0.036734693877551024,0.05442176870748299,0.03945578231292517,0.04625850340136054,0.06802721088435375,0.04897959183673469,0.0653061224489796,0.0163265306122449,0.02857142857142857,cytoplasmic
653,73474.9184,0.08269525267993874,52.974747320061425,4.675996208190917,-0.35467075038284845,0.05666156202143951,0.03522205206738132,0.05666156202143951,0.09800918836140889,0.039816232771822356,0.042879019908116385,0.015313935681470138,0.05819295558958652,0.04747320061255743,0.08422664624808576,0.02450229709035222,0.0444104134762634,0.045941807044410414,0.04134762633996937,0.0444104134762634,0.0995405819295559,0.06125574272588055,0.06125574272588055,0.006125574272588055,0.036753445635528334,cytoplasmic
1153,131115.7272,0.09453599306157849,48.965845620121726,8.199105262756348,-0.3851691240242845,0.062445793581960105,0.023417172593235037,0.045099739809193407,0.06591500433651344,0.04423243712055507,0.05897658282740677,0.03469210754553339,0.03555941023417172,0.058109280138768434,0.10147441457068516,0.02515177797051171,0.032090199479618386,0.06331309627059845,0.053772766695576756,0.058109280138768434,0.06764960971379011,0.05117085862966175,0.06851691240242845,0.01821335646140503,0.032090199479618386,cytoplasmic
561,64969.0328,0.12477718360071301,38.76900178253119,5.750821495056152,-0.4283422459893048,0.044563279857397504,0.0142602495543672,0.0766488413547237,0.0677361853832442,0.06060606060606061,0.05525846702317291,0.03208556149732621,0.0427807486631016,0.06417112299465241,0.10695187165775401,0.0285204991087344,0.030303030303030304,0.0427807486631016,0.0285204991087344,0.05525846702317291,0.07308377896613191,0.06060606060606061,0.05169340463458111,0.008912655971479501,0.05525846702317291,cytoplasmic
296,33428.092599999996,0.08445945945945946,45.04324324324325,6.056160545349121,-0.21891891891891896,0.057432432432432436,0.016891891891891893,0.02364864864864865,0.11824324324324324,0.05405405405405406,0.07094594594594594,0.02364864864864865,0.037162162162162164,0.0777027027027027,0.13175675675675674,0.02027027027027027,0.033783783783783786,0.030405405405405407,0.037162162162162164,0.05067567567567568,0.08783783783783784,0.02027027027027027,0.0777027027027027,0.010135135135135136,0.02027027027027027,cytoplasmic
917,99057.52519999999,0.030534351145038167,62.42290076335911,9.203522682189941,-0.7570338058887678,0.10577971646673937,0.009814612868047983,0.03489640130861505,0.0916030534351145,0.020719738276990186,0.07088331515812432,0.011995637949836423,0.017448200654307525,0.04362050163576881,0.08396946564885496,0.019629225736095966,0.023991275899672846,0.07960741548527808,0.05125408942202835,0.0970556161395856,0.11232279171210469,0.0697928026172301,0.04580152671755725,0.003271537622682661,0.006543075245365322,cytoplasmic
377,42018.5174,0.08488063660477455,35.32416445623341,5.229437446594236,-0.22758620689655176,0.07692307692307693,0.015915119363395226,0.058355437665782495,0.07427055702917772,0.03183023872679045,0.07427055702917772,0.023872679045092837,0.07957559681697612,0.050397877984084884,0.07161803713527852,0.042440318302387266,0.03183023872679045,0.050397877984084884,0.029177718832891247,0.04774535809018567,0.0636604774535809,0.06896551724137931,0.05570291777188329,0.010610079575596816,0.042440318302387266,cytoplasmic
2803,305481.44299999997,0.04209775240813414,65.9773849447018,4.847252082824705,-0.8930431680342491,0.08062789867998572,0.00927577595433464,0.05850874063503389,0.12343917231537638,0.018194791295041028,0.06386014983945773,0.01855155190866928,0.022832679272208348,0.0752764894755619,0.08098465929361398,0.011059579022475919,0.014270424545130217,0.11523367820192651,0.041027470567249376,0.04602211915804495,0.09311452015697468,0.05672493756689261,0.047092400998929716,0.009989297181591153,0.013913663931501962,cytoplasmic
638,71455.73819999999,0.07523510971786834,51.88855799373053,5.078302574157713,-0.6379310344827587,0.07366771159874608,0.0109717868338558,0.06426332288401254,0.09717868338557993,0.032915360501567396,0.05329153605015674,0.032915360501567396,0.03918495297805643,0.06269592476489028,0.06269592476489028,0.02037617554858934,0.04075235109717868,0.05956112852664577,0.03918495297805643,0.045454545454545456,0.08934169278996865,0.054858934169279,0.07836990595611286,0.02037617554858934,0.0219435736677116,cytoplasmic
522,58768.328100000006,0.09386973180076628,34.70440613026819,5.922020530700683,-0.3137931034482759,0.07279693486590039,0.013409961685823755,0.04980842911877394,0.07471264367816093,0.05363984674329502,0.07088122605363985,0.02681992337164751,0.06130268199233716,0.07088122605363985,0.08237547892720307,0.022988505747126436,0.05938697318007663,0.0421455938697318,0.06130268199233716,0.03639846743295019,0.04789272030651341,0.034482758620689655,0.07854406130268199,0.009578544061302681,0.03065134099616858,cytoplasmic
1057,118561.49100000001,0.10217596972563861,36.25848628193017,5.797827339172363,-0.12819299905392623,0.050141911069063384,0.023651844843897825,0.05581835383159887,0.06054872280037843,0.05487228003784295,0.07947019867549669,0.02554399243140965,0.06054872280037843,0.06244087038789026,0.11352885525070956,0.015137180700094607,0.048249763481551564,0.043519394512771994,0.04541154210028382,0.03500473036896878,0.06244087038789026,0.046357615894039736,0.07000946073793755,0.013245033112582781,0.03405865657521287,cytoplasmic
1369,150193.05229999998,0.03652300949598247,58.43024835646493,6.232531929016113,-0.7933528122717313,0.07742878013148284,0.010226442658875092,0.04382761139517896,0.09422936449963477,0.02191380569758948,0.05551497443389335,0.029948867786705625,0.027757487216946677,0.06939371804236669,0.09349890430971512,0.013148283418553688,0.03798392987582177,0.07962016070124178,0.0591672753834916,0.056245434623813005,0.10445580715850986,0.0606281957633309,0.050401753104455806,0.002191380569758948,0.01241782322863404,cytoplasmic
471,53445.2687,0.08280254777070063,53.878556263269765,9.270505332946776,-0.5469214437367305,0.07643312101910828,0.012738853503184714,0.044585987261146494,0.055201698513800426,0.029723991507430998,0.07218683651804671,0.03821656050955414,0.029723991507430998,0.027600849256900213,0.11040339702760085,0.027600849256900213,0.025477707006369428,0.07855626326963906,0.06581740976645435,0.09341825902335456,0.059447983014861996,0.04883227176220807,0.050955414012738856,0.012738853503184714,0.040339702760084924,cytoplasmic
1192,133889.707,0.05201342281879195,62.76787751677888,5.3992723464965815,-0.642030201342282,0.06291946308724833,0.015100671140939598,0.05956375838926174,0.09731543624161074,0.02348993288590604,0.041107382550335574,0.015100671140939598,0.03523489932885906,0.06291946308724833,0.11828859060402684,0.013422818791946308,0.026006711409395974,0.044463087248322146,0.06040268456375839,0.06963087248322147,0.12248322147651007,0.051174496644295304,0.05285234899328859,0.006711409395973154,0.02181208053691275,cytoplasmic
218,23252.9372,0.09174311926605504,46.58169724770642,5.700348472595215,-0.1784403669724771,0.0779816513761468,0.03669724770642202,0.05504587155963303,0.04128440366972477,0.022935779816513763,0.15137614678899083,0.03669724770642202,0.0045871559633027525,0.013761467889908258,0.11926605504587157,0.013761467889908258,0.009174311926605505,0.07339449541284404,0.045871559633027525,0.05504587155963303,0.07339449541284404,0.027522935779816515,0.07339449541284404,0.027522935779816515,0.04128440366972477,cytoplasmic
613,67941.7873,0.03588907014681893,87.1750570962484,5.375229454040528,-1.0484502446982056,0.08482871125611746,0.008156606851549755,0.02773246329526917,0.14192495921696574,0.0065252854812398045,0.0799347471451876,0.008156606851549755,0.013050570962479609,0.040783034257748776,0.09461663947797716,0.008156606851549755,0.009787928221859706,0.11582381729200653,0.06035889070146819,0.10603588907014681,0.08156606851549755,0.04241435562805873,0.040783034257748776,0.01794453507340946,0.011419249592169658,cytoplasmic
315,34593.2165,0.06666666666666667,40.0771746031746,4.495248222351075,-0.2714285714285714,0.07936507936507936,0.01904761904761905,0.08253968253968254,0.08253968253968254,0.03492063492063492,0.05714285714285714,0.02857142857142857,0.044444444444444446,0.047619047619047616,0.08888888888888889,0.01904761904761905,0.044444444444444446,0.044444444444444446,0.0380952380952381,0.02857142857142857,0.09206349206349207,0.047619047619047616,0.08888888888888889,0.01904761904761905,0.012698412698412698,cytoplasmic
1025,116531.8204,0.051707317073170736,66.13980487804909,5.8871782302856435,-0.9709268292682928,0.07414634146341463,0.013658536585365854,0.05365853658536585,0.11414634146341464,0.021463414634146343,0.04390243902439024,0.021463414634146343,0.03024390243902439,0.06926829268292684,0.09073170731707317,0.0175609756097561,0.02829268292682927,0.06048780487804878,0.06341463414634146,0.08195121951219513,0.09073170731707317,0.055609756097560976,0.03902439024390244,0.010731707317073172,0.01951219512195122,cytoplasmic
1213,138107.49539999999,0.027205276174773287,56.828854080791686,8.458139228820801,-0.9183017312448476,0.046166529266281946,0.00741962077493817,0.036273701566364384,0.13602638087386645,0.015663643858202802,0.046166529266281946,0.020610057708161583,0.0403957131079967,0.11129431162407255,0.10140148392415499,0.02720527617477329,0.03792250618301731,0.0403957131079967,0.05028854080791426,0.06677658697444352,0.08491343775762572,0.06265457543281121,0.05688375927452597,0.0016488046166529267,0.00989282769991756,cytoplasmic
224,26408.5265,0.08482142857142858,54.625937500000006,9.096053886413575,-0.37142857142857144,0.044642857142857144,0.05803571428571429,0.026785714285714284,0.06696428571428571,0.04017857142857143,0.03125,0.03571428571428571,0.06696428571428571,0.05357142857142857,0.11607142857142858,0.03571428571428571,0.049107142857142856,0.03571428571428571,0.0625,0.08482142857142858,0.07142857142857142,0.049107142857142856,0.026785714285714284,0.026785714285714284,0.017857142857142856,cytoplasmic
1877,202469.3767,0.04421949920085242,56.851891315930025,8.19613971710205,-0.5913692061800746,0.07085775173148641,0.006925945657964837,0.051678209909429944,0.06766116142781034,0.019712306872669155,0.06766116142781034,0.021310602024507193,0.031965903036760786,0.07245604688332445,0.10069259456579649,0.022376132125732553,0.030367607884922748,0.07938199254128929,0.03303143313798615,0.049547149706979224,0.14384656366542356,0.06020245071923282,0.04581779435269046,0.009057005860415556,0.015450186467767715,cytoplasmic
621,71813.1696,0.08695652173913043,52.68326892109514,5.336749458312987,-0.4454106280193237,0.09178743961352658,0.01932367149758454,0.04669887278582931,0.12399355877616747,0.037037037037037035,0.033816425120772944,0.037037037037037035,0.04669887278582931,0.06763285024154589,0.11755233494363929,0.024154589371980676,0.0322061191626409,0.043478260869565216,0.04186795491143317,0.05636070853462158,0.043478260869565216,0.0322061191626409,0.05475040257648953,0.00644122383252818,0.043478260869565216,cytoplasmic
1112,125328.82619999998,0.08543165467625899,45.92339028777005,6.714526557922363,-0.2601618705035971,0.0683453237410072,0.02697841726618705,0.052158273381294966,0.05845323741007194,0.03866906474820144,0.050359712230215826,0.03507194244604316,0.04226618705035971,0.050359712230215826,0.11600719424460432,0.023381294964028777,0.03776978417266187,0.047661870503597124,0.046762589928057555,0.05485611510791367,0.08543165467625899,0.05575539568345324,0.06294964028776978,0.01079136690647482,0.03597122302158273,cytoplasmic
445,49952.5303,0.09662921348314607,39.097977528089864,4.780352592468262,-0.4058426966292135,0.060674157303370786,0.017977528089887642,0.058426966292134834,0.08089887640449438,0.051685393258426963,0.07865168539325842,0.02247191011235955,0.04269662921348315,0.033707865168539325,0.07191011235955057,0.04269662921348315,0.051685393258426963,0.0449438202247191,0.04943820224719101,0.04943820224719101,0.0651685393258427,0.06741573033707865,0.0651685393258427,0.008988764044943821,0.035955056179775284,cytoplasmic
764,83969.09520000001,0.06806282722513089,52.38798429319392,8.558258628845216,-0.4755235602094241,0.07591623036649214,0.01832460732984293,0.0274869109947644,0.07853403141361257,0.024869109947643978,0.08115183246073299,0.03664921465968586,0.034031413612565446,0.061518324607329845,0.09293193717277487,0.020942408376963352,0.03534031413612566,0.05759162303664921,0.03926701570680628,0.05366492146596859,0.10340314136125654,0.0549738219895288,0.060209424083769635,0.015706806282722512,0.0274869109947644,cytoplasmic
597,67637.74160000001,0.09380234505862647,46.34407035175887,5.577689933776854,-0.2346733668341709,0.06867671691792294,0.031825795644891124,0.051926298157453935,0.08207705192629816,0.03685092127303183,0.06700167504187604,0.02512562814070352,0.06030150753768844,0.048576214405360134,0.09882747068676717,0.03015075376884422,0.03350083752093802,0.04355108877721943,0.035175879396984924,0.06030150753768844,0.06532663316582915,0.04355108877721943,0.06030150753768844,0.01340033500837521,0.04355108877721943,cytoplasmic
96,10921.4742,0.052083333333333336,48.76874999999998,6.578283500671388,-0.3354166666666667,0.041666666666666664,0.0,0.0625,0.0625,0.03125,0.03125,0.010416666666666666,0.10416666666666667,0.07291666666666667,0.07291666666666667,0.041666666666666664,0.052083333333333336,0.052083333333333336,0.0625,0.052083333333333336,0.0625,0.09375,0.07291666666666667,0.0,0.020833333333333332,cytoplasmic
457,49844.14199999999,0.08315098468271334,55.57772428884028,8.76139850616455,-0.48468271334792123,0.09846827133479212,0.04157549234135667,0.04157549234135667,0.05470459518599562,0.045951859956236324,0.08096280087527352,0.03282275711159737,0.030634573304157548,0.061269146608315096,0.05689277899343545,0.015317286652078774,0.02188183807439825,0.10065645514223195,0.0437636761487965,0.05689277899343545,0.0700218818380744,0.05689277899343545,0.0525164113785558,0.015317286652078774,0.02188183807439825,cytoplasmic
3674,416745.0525,0.0457267283614589,61.86009798584562,6.209682655334471,-0.5756124115405553,0.11513336962438758,0.0130647795318454,0.03320631464344039,0.10587915078933043,0.01905280348394121,0.05280348394120849,0.032117583015786606,0.016603157321720196,0.03511159499183451,0.15051714752313555,0.01442569406641263,0.012248230811105062,0.031028851388132824,0.11241154055525313,0.09009254218835057,0.0587915078933043,0.03456722917800762,0.04627109417528579,0.01905280348394121,0.007621121393576484,cytoplasmic
351,39594.552500000005,0.05128205128205128,42.625641025641016,5.2057924270629865,-0.6441595441595441,0.07977207977207977,0.0,0.05698005698005698,0.1168091168091168,0.039886039886039885,0.042735042735042736,0.008547008547008548,0.045584045584045586,0.09971509971509972,0.1111111111111111,0.019943019943019943,0.07122507122507123,0.05413105413105413,0.042735042735042736,0.045584045584045586,0.03133903133903134,0.06267806267806268,0.05982905982905983,0.0,0.011396011396011397,cytoplasmic
581,62542.6992,0.04130808950086058,85.24956970740126,9.483250999450682,-0.8249569707401033,0.06196213425129088,0.0068846815834767644,0.04475043029259897,0.05163511187607573,0.013769363166953529,0.06712564543889846,0.008605851979345954,0.024096385542168676,0.04475043029259897,0.08261617900172118,0.0189328743545611,0.05163511187607573,0.11015490533562823,0.055077452667814115,0.07401032702237521,0.16695352839931152,0.043029259896729774,0.04647160068846816,0.0068846815834767644,0.020654044750430294,cytoplasmic
523,57556.561,0.045889101338432124,50.19808795411099,9.44637508392334,-0.35449330783938815,0.09177820267686425,0.017208413001912046,0.032504780114722756,0.0745697896749522,0.015296367112810707,0.05927342256214149,0.017208413001912046,0.030592734225621414,0.06500956022944551,0.10707456978967496,0.017208413001912046,0.0248565965583174,0.06500956022944551,0.05736137667304015,0.07648183556405354,0.08795411089866156,0.036328871892925434,0.09369024856596558,0.0057361376673040155,0.0248565965583174,cytoplasmic
281,31981.827599999997,0.09252669039145908,41.203950177935944,5.3339643478393555,-0.5530249110320284,0.05693950177935943,0.017793594306049824,0.06761565836298933,0.07829181494661921,0.05338078291814947,0.05693950177935943,0.028469750889679714,0.05693950177935943,0.07829181494661921,0.08540925266903915,0.021352313167259787,0.05693950177935943,0.060498220640569395,0.06405693950177936,0.03202846975088968,0.05338078291814947,0.03558718861209965,0.05693950177935943,0.0071174377224199285,0.03202846975088968,cytoplasmic
480,54952.8065,0.08333333333333333,56.64462500000011,8.527636146545408,-0.37270833333333336,0.03333333333333333,0.020833333333333332,0.052083333333333336,0.07083333333333333,0.035416666666666666,0.06666666666666667,0.022916666666666665,0.06458333333333334,0.06666666666666667,0.10208333333333333,0.03125,0.05625,0.05625,0.027083333333333334,0.06666666666666667,0.058333333333333334,0.052083333333333336,0.06875,0.016666666666666666,0.03125,cytoplasmic
793,93229.9658,0.027742749054224466,77.53215636822227,5.615999412536621,-1.6918032786885244,0.07944514501891552,0.0012610340479192938,0.044136191677175286,0.21563682219419925,0.01639344262295082,0.03530895334174023,0.007566204287515763,0.029003783102143757,0.13114754098360656,0.044136191677175286,0.015132408575031526,0.02648171500630517,0.03026481715006305,0.05926860025220681,0.10844892812105927,0.05422446406052964,0.04918032786885246,0.0416141235813367,0.006305170239596469,0.005044136191677175,cytoplasmic
815,89859.8254,0.08588957055214724,33.62220858895717,6.6071577072143555,-0.3887116564417178,0.049079754601226995,0.020858895705521473,0.0638036809815951,0.049079754601226995,0.03803680981595092,0.08834355828220859,0.03190184049079755,0.04539877300613497,0.05766871165644172,0.07607361963190185,0.012269938650306749,0.04171779141104295,0.03803680981595092,0.0343558282208589,0.049079754601226995,0.09938650306748466,0.07607361963190185,0.08098159509202454,0.0196319018404908,0.02822085889570552,cytoplasmic
2390,271321.6702,0.05774058577405858,47.85850209205052,5.787766838073731,-0.650836820083682,0.11841004184100419,0.0100418410041841,0.05355648535564853,0.10669456066945607,0.023430962343096235,0.05188284518828452,0.027196652719665274,0.02510460251046025,0.0502092050209205,0.11799163179916318,0.02092050209205021,0.026778242677824266,0.03138075313807531,0.07196652719665272,0.08786610878661087,0.05355648535564853,0.03933054393305439,0.049372384937238493,0.01882845188284519,0.015481171548117154,cytoplasmic
172,19826.9761,0.09883720930232559,35.45290697674418,4.804907035827637,-0.7970930232558139,0.06976744186046512,0.005813953488372093,0.10465116279069768,0.09883720930232558,0.08139534883720931,0.05813953488372093,0.023255813953488372,0.046511627906976744,0.08139534883720931,0.05813953488372093,0.05813953488372093,0.05232558139534884,0.03488372093023256,0.029069767441860465,0.05232558139534884,0.040697674418604654,0.06395348837209303,0.023255813953488372,0.0,0.01744186046511628,cytoplasmic
1059,112210.1134,0.04154863078375826,57.39612842304092,6.925512886047363,-0.3173748819641171,0.10198300283286119,0.016052880075542966,0.04343720491029273,0.06704438149197356,0.02644003777148253,0.0764872521246459,0.021718602455146365,0.014164305949008499,0.036827195467422094,0.11803588290840415,0.009442870632672332,0.01794145420207743,0.11898016997167139,0.024551463644948063,0.07176581680830972,0.10387157695939565,0.049102927289896126,0.06704438149197356,0.0066100094428706326,0.0084985835694051,cytoplasmic
681,72715.85620000001,0.0381791483113069,69.70998531571252,10.096087455749512,-0.6487518355359765,0.09838472834067548,0.01762114537444934,0.04698972099853157,0.055800293685756244,0.01908957415565345,0.09251101321585903,0.014684287812041116,0.011747430249632892,0.014684287812041116,0.08076358296622614,0.016152716593245228,0.011747430249632892,0.12334801762114538,0.033773861967694566,0.12041116005873716,0.10719530102790015,0.06020558002936858,0.055800293685756244,0.010279001468428781,0.00881057268722467,cytoplasmic
683,76985.79560000001,0.036603221083455345,51.97818448023442,9.451468086242677,-0.8207906295754027,0.055636896046852125,0.014641288433382138,0.04538799414348463,0.07906295754026355,0.01903367496339678,0.02635431918008785,0.021961932650073207,0.043923865300146414,0.10980966325036604,0.08052708638360176,0.021961932650073207,0.0527086383601757,0.05710102489019034,0.05710102489019034,0.05417276720351391,0.09370424597364568,0.08638360175695461,0.0629575402635432,0.004392386530014641,0.013177159590043924,cytoplasmic
2472,284535.925,0.06715210355987056,42.59781957928837,5.217614936828612,-0.7903317152103561,0.10072815533980582,0.0056634304207119745,0.07200647249190939,0.11407766990291263,0.034385113268608415,0.03843042071197411,0.02872168284789644,0.03640776699029126,0.08009708737864078,0.10881877022653721,0.020226537216828478,0.038834951456310676,0.011326860841423949,0.07766990291262135,0.060275080906148866,0.06067961165048544,0.036003236245954695,0.04288025889967637,0.016181229773462782,0.016585760517799353,cytoplasmic
261,29716.843900000003,0.09578544061302682,63.37432950191568,6.606816673278809,-1.0153256704980842,0.05747126436781609,0.02681992337164751,0.05363984674329502,0.08045977011494253,0.02681992337164751,0.07662835249042145,0.022988505747126436,0.034482758620689655,0.08045977011494253,0.03065134099616858,0.03065134099616858,0.0421455938697318,0.06896551724137931,0.0842911877394636,0.04980842911877394,0.06130268199233716,0.04597701149425287,0.05747126436781609,0.007662835249042145,0.06130268199233716,cytoplasmic
514,57830.18000000001,0.058365758754863814,49.5250972762647,6.603804206848145,-0.5986381322957198,0.058365758754863814,0.017509727626459144,0.04474708171206226,0.10116731517509728,0.023346303501945526,0.04474708171206226,0.019455252918287938,0.0622568093385214,0.10505836575875487,0.07976653696498054,0.027237354085603113,0.05252918287937743,0.04085603112840467,0.033073929961089495,0.03696498054474708,0.10116731517509728,0.058365758754863814,0.058365758754863814,0.01556420233463035,0.019455252918287938,cytoplasmic
598,67585.9986,0.05518394648829431,64.65535117056874,6.096516227722167,-0.8403010033444817,0.05518394648829431,0.016722408026755852,0.05852842809364549,0.08695652173913043,0.028428093645484948,0.061872909698996656,0.033444816053511704,0.03511705685618729,0.056856187290969896,0.09197324414715718,0.030100334448160536,0.038461538461538464,0.06020066889632107,0.06020066889632107,0.07190635451505016,0.08695652173913043,0.06521739130434782,0.03511705685618729,0.011705685618729096,0.015050167224080268,cytoplasmic
719,82429.59929999999,0.10570236439499303,42.580667593880484,8.547105598449708,-0.4044506258692629,0.043115438108484005,0.02364394993045897,0.05006954102920723,0.06675938803894298,0.05702364394993046,0.05285118219749652,0.015299026425591099,0.05146036161335188,0.08484005563282336,0.11404728789986092,0.006954102920723227,0.05006954102920723,0.0584144645340751,0.055632823365785816,0.043115438108484005,0.06954102920723226,0.05285118219749652,0.055632823365785816,0.02642559109874826,0.022253129346314324,cytoplasmic
578,66582.5394,0.09861591695501729,56.71648788927351,7.9263395309448255,-0.5695501730103806,0.05363321799307959,0.03633217993079585,0.05709342560553633,0.09515570934256055,0.04844290657439446,0.0657439446366782,0.01730103806228374,0.04671280276816609,0.08650519031141868,0.08996539792387544,0.01730103806228374,0.03633217993079585,0.050173010380622836,0.03460207612456748,0.07093425605536333,0.05190311418685121,0.0328719723183391,0.058823529411764705,0.012110726643598616,0.03806228373702422,cytoplasmic
314,36017.4309,0.08598726114649681,46.05095541401273,4.700095939636229,-0.5235668789808917,0.041401273885350316,0.009554140127388535,0.07961783439490445,0.10191082802547771,0.03184713375796178,0.06050955414012739,0.009554140127388535,0.07006369426751592,0.06687898089171974,0.09554140127388536,0.028662420382165606,0.041401273885350316,0.06050955414012739,0.03503184713375796,0.054140127388535034,0.06050955414012739,0.03821656050955414,0.06050955414012739,0.01592356687898089,0.03821656050955414,cytoplasmic
248,27384.7326,0.08870967741935484,39.682661290322585,6.6716699600219735,-1.0088709677419356,0.05241935483870968,0.004032258064516129,0.10483870967741936,0.06048387096774194,0.06048387096774194,0.14112903225806453,0.004032258064516129,0.020161290322580645,0.04435483870967742,0.056451612903225805,0.016129032258064516,0.028225806451612902,0.06451612903225806,0.03225806451612903,0.12096774193548387,0.07661290322580645,0.04032258064516129,0.04435483870967742,0.004032258064516129,0.024193548387096774,cytoplasmic
850,96613.04079999999,0.08941176470588234,46.54182352941198,6.839458656311035,-0.42823529411764705,0.05411764705882353,0.02823529411764706,0.052941176470588235,0.07647058823529412,0.04352941176470588,0.041176470588235294,0.02235294117647059,0.05647058823529412,0.08352941176470588,0.09058823529411765,0.01411764705882353,0.04823529411764706,0.04588235294117647,0.04470588235294118,0.04352941176470588,0.08470588235294117,0.05647058823529412,0.06705882352941177,0.00823529411764706,0.03764705882352941,cytoplasmic
212,23804.8345,0.0660377358490566,59.45707547169814,5.968799018859863,-0.31273584905660384,0.04245283018867924,0.05660377358490566,0.0660377358490566,0.06132075471698113,0.02830188679245283,0.05660377358490566,0.0330188679245283,0.07547169811320754,0.04716981132075472,0.11320754716981132,0.009433962264150943,0.02358490566037736,0.04245283018867924,0.05188679245283019,0.06132075471698113,0.10849056603773585,0.05188679245283019,0.0330188679245283,0.0047169811320754715,0.0330188679245283,cytoplasmic
730,80054.9884,0.07671232876712329,58.07946575342485,6.219799995422362,-0.5687671232876712,0.05342465753424658,0.012328767123287671,0.045205479452054796,0.0821917808219178,0.05342465753424658,0.08356164383561644,0.026027397260273973,0.04246575342465753,0.0684931506849315,0.07397260273972603,0.02054794520547945,0.03561643835616438,0.07397260273972603,0.03424657534246575,0.04794520547945205,0.11095890410958904,0.06164383561643835,0.050684931506849315,0.0027397260273972603,0.02054794520547945,cytoplasmic
1011,114022.837,0.05242334322453017,47.46340257171143,5.399613380432128,-0.6915924826904056,0.05440158259149357,0.009891196834817012,0.06627101879327399,0.09693372898120672,0.028684470820969338,0.058358061325420374,0.017804154302670624,0.032640949554896145,0.0820969337289812,0.11770524233432245,0.036597428288822946,0.03857566765578635,0.04451038575667656,0.05242334322453017,0.05440158259149357,0.08902077151335312,0.05242334322453017,0.043521266073194856,0.009891196834817012,0.013847675568743818,cytoplasmic
686,76992.41799999999,0.07871720116618076,44.49110787172025,6.350074958801269,-0.25204081632653064,0.08309037900874636,0.016034985422740525,0.05539358600583091,0.0641399416909621,0.03935860058309038,0.04518950437317784,0.021865889212827987,0.03644314868804665,0.06705539358600583,0.1239067055393586,0.027696793002915453,0.03206997084548105,0.04227405247813411,0.061224489795918366,0.04518950437317784,0.07871720116618076,0.05539358600583091,0.06559766763848396,0.008746355685131196,0.030612244897959183,cytoplasmic
115,12530.107499999998,0.0782608695652174,48.79913043478259,5.851369667053221,-0.23913043478260873,0.1565217391304348,0.008695652173913044,0.017391304347826087,0.10434782608695652,0.034782608695652174,0.0782608695652174,0.008695652173913044,0.017391304347826087,0.034782608695652174,0.13043478260869565,0.02608695652173913,0.017391304347826087,0.05217391304347826,0.043478260869565216,0.0782608695652174,0.0782608695652174,0.034782608695652174,0.034782608695652174,0.008695652173913044,0.034782608695652174,cytoplasmic
292,30229.882199999996,0.05479452054794521,56.06575342465752,8.287620353698731,-0.3623287671232877,0.16095890410958905,0.03767123287671233,0.04452054794520548,0.0547945205479452,0.02054794520547945,0.10273972602739725,0.017123287671232876,0.010273972602739725,0.0273972602739726,0.09246575342465753,0.010273972602739725,0.017123287671232876,0.136986301369863,0.00684931506849315,0.0821917808219178,0.07534246575342465,0.03767123287671233,0.030821917808219176,0.010273972602739725,0.023972602739726026,cytoplasmic
1608,181682.6832,0.0740049751243781,51.12960199005011,5.935832405090332,-0.5072139303482587,0.06902985074626866,0.018656716417910446,0.056592039800995024,0.08644278606965174,0.036069651741293535,0.05472636815920398,0.024253731343283583,0.05099502487562189,0.0640547263681592,0.09514925373134328,0.02736318407960199,0.03109452736318408,0.060945273631840796,0.04539800995024876,0.06281094527363185,0.08208955223880597,0.04477611940298507,0.05161691542288557,0.013059701492537313,0.024875621890547265,cytoplasmic
572,62292.8943,0.06818181818181818,35.27064685314686,5.953054618835449,-0.26066433566433567,0.08041958041958042,0.013986013986013986,0.06293706293706294,0.05419580419580419,0.03146853146853147,0.08216783216783216,0.022727272727272728,0.07342657342657342,0.055944055944055944,0.06118881118881119,0.02097902097902098,0.03671328671328671,0.055944055944055944,0.04195804195804196,0.0472027972027972,0.07517482517482517,0.06818181818181818,0.07867132867132867,0.012237762237762238,0.024475524475524476,cytoplasmic
982,110402.5193,0.041751527494908354,63.71710794297386,5.534037590026855,-1.0326883910386966,0.0814663951120163,0.008146639511201629,0.051934826883910386,0.12525458248472504,0.014256619144602852,0.04786150712830957,0.015274949083503055,0.028513238289205704,0.06619144602851323,0.0835030549898167,0.014256619144602852,0.04378818737270876,0.04276985743380855,0.04480651731160896,0.08859470468431772,0.109979633401222,0.06415478615071284,0.04175152749490835,0.01120162932790224,0.016293279022403257,cytoplasmic
489,54234.0463,0.07157464212678938,43.50883435582822,5.604972648620605,-0.31533742331288345,0.07975460122699386,0.024539877300613498,0.06134969325153374,0.07770961145194274,0.032719836400818,0.06952965235173825,0.022494887525562373,0.044989775051124746,0.044989775051124746,0.08793456032719836,0.022494887525562373,0.03067484662576687,0.06339468302658487,0.024539877300613498,0.07157464212678936,0.07566462167689161,0.049079754601226995,0.07770961145194274,0.016359918200409,0.022494887525562373,cytoplasmic
335,36052.78829999999,0.07761194029850746,15.612238805970142,8.566123771667481,-0.10776119402985075,0.09253731343283582,0.008955223880597015,0.05970149253731343,0.03880597014925373,0.041791044776119404,0.09850746268656717,0.029850746268656716,0.06567164179104477,0.07761194029850746,0.056716417910447764,0.029850746268656716,0.056716417910447764,0.03582089552238806,0.020895522388059702,0.029850746268656716,0.0626865671641791,0.0626865671641791,0.0955223880597015,0.008955223880597015,0.026865671641791045,cytoplasmic
1573,173100.9816,0.0775588048315321,56.72621106166592,7.127802848815918,-0.40667514303877944,0.06993006993006994,0.012714558169103624,0.0508582326764145,0.05912269548633185,0.04895104895104895,0.062301335028607754,0.01652892561983471,0.04132231404958678,0.05467260012714558,0.09281627463445645,0.01652892561983471,0.03877940241576605,0.08391608391608392,0.04831532104259377,0.05467260012714558,0.10616656071201526,0.05530832803560076,0.05848696757787667,0.012078830260648443,0.01652892561983471,cytoplasmic
313,34403.8169,0.05750798722044728,52.32555910543131,8.68468112945557,-0.42971246006389774,0.08306709265175719,0.025559105431309903,0.02875399361022364,0.07028753993610223,0.025559105431309903,0.0670926517571885,0.038338658146964855,0.07348242811501597,0.07348242811501597,0.08945686900958466,0.01597444089456869,0.051118210862619806,0.05750798722044728,0.04472843450479233,0.04153354632587859,0.08626198083067092,0.06389776357827476,0.03194888178913738,0.006389776357827476,0.025559105431309903,cytoplasmic
575,61453.44679999999,0.03826086956521739,62.24088695652197,4.83105297088623,-0.26713043478260873,0.09565217391304348,0.020869565217391306,0.05565217391304348,0.0817391304347826,0.01565217391304348,0.08869565217391304,0.036521739130434785,0.04695652173913043,0.01217391304347826,0.10434782608695652,0.020869565217391306,0.01217391304347826,0.09391304347826086,0.04521739130434783,0.059130434782608696,0.08,0.050434782608695654,0.057391304347826085,0.006956521739130435,0.01565217391304348,cytoplasmic
579,63468.759600000005,0.03454231433506045,54.01018998272893,5.37022762298584,0.012607944732297045,0.09153713298791019,0.044905008635578586,0.04317789291882556,0.08117443868739206,0.018998272884283247,0.05872193436960276,0.018998272884283247,0.037996545768566495,0.031088082901554404,0.13298791018998274,0.03626943005181347,0.022452504317789293,0.03454231433506045,0.05872193436960276,0.06735751295336788,0.08290155440414508,0.04317789291882556,0.07944732297063903,0.008635578583765112,0.0069084628670120895,cytoplasmic
861,97111.77010000001,0.09059233449477352,44.09872241579579,5.466001319885254,-0.3003484320557492,0.06736353077816493,0.022067363530778164,0.06387921022067364,0.07781649245063879,0.03716608594657375,0.07200929152148665,0.015098722415795587,0.0313588850174216,0.047619047619047616,0.11614401858304298,0.016260162601626018,0.019744483159117306,0.059233449477351915,0.04065040650406504,0.07317073170731707,0.059233449477351915,0.04645760743321719,0.08130081300813008,0.019744483159117306,0.03368176538908246,cytoplasmic
1430,160246.6087,0.07272727272727272,46.16755244755274,8.675139808654787,-0.3567132867132867,0.07202797202797202,0.017482517482517484,0.05174825174825175,0.06573426573426573,0.04125874125874126,0.05874125874125874,0.022377622377622378,0.05034965034965035,0.06083916083916084,0.1027972027972028,0.025174825174825177,0.03706293706293706,0.05314685314685315,0.045454545454545456,0.06643356643356643,0.08531468531468532,0.05384615384615385,0.05874125874125874,0.014685314685314685,0.016783216783216783,cytoplasmic
482,55298.7607,0.03941908713692946,64.29087136929473,4.592329216003418,-0.9043568464730292,0.08921161825726141,0.008298755186721992,0.03941908713692946,0.16804979253112035,0.016597510373443983,0.03734439834024896,0.012448132780082987,0.01867219917012448,0.04149377593360996,0.12448132780082988,0.01867219917012448,0.026970954356846474,0.04564315352697095,0.11410788381742738,0.07468879668049792,0.04771784232365145,0.04149377593360996,0.05186721991701245,0.0,0.022821576763485476,cytoplasmic
531,59708.86380000001,0.04896421845574388,49.81167608286265,5.195959281921386,-0.26516007532956687,0.0696798493408663,0.01694915254237288,0.062146892655367235,0.09416195856873823,0.032015065913371,0.04896421845574388,0.026365348399246705,0.02448210922787194,0.03954802259887006,0.1393596986817326,0.03766478342749529,0.02448210922787194,0.054613935969868174,0.03954802259887006,0.07532956685499058,0.060263653483992465,0.0583804143126177,0.07909604519774012,0.0018832391713747645,0.015065913370998116,cytoplasmic
597,66761.7866,0.09045226130653267,54.2186264656618,5.954532432556152,-0.15427135678391965,0.07537688442211055,0.021775544388609715,0.05025125628140704,0.05862646566164154,0.05527638190954774,0.06532663316582915,0.018425460636515914,0.03350083752093802,0.020100502512562814,0.12897822445561138,0.01507537688442211,0.018425460636515914,0.08877721943048576,0.06365159128978225,0.07705192629815745,0.07202680067001675,0.03685092127303183,0.06532663316582915,0.01675041876046901,0.018425460636515914,cytoplasmic
1024,116850.9554,0.1005859375,50.20305664062525,7.707333183288575,-0.31953125000000004,0.05078125,0.0244140625,0.0419921875,0.0771484375,0.056640625,0.0654296875,0.02734375,0.0458984375,0.0732421875,0.1142578125,0.0263671875,0.05078125,0.0390625,0.041015625,0.0478515625,0.0693359375,0.048828125,0.0556640625,0.017578125,0.0263671875,cytoplasmic
1044,119477.8001,0.09003831417624522,48.60411877394662,6.788587760925293,-0.25498084291187745,0.06513409961685823,0.028735632183908046,0.044061302681992334,0.07758620689655173,0.045019157088122604,0.04693486590038314,0.029693486590038315,0.035440613026819924,0.06417624521072797,0.1360153256704981,0.02681992337164751,0.03639846743295019,0.05172413793103448,0.04980842911877394,0.05363984674329502,0.06417624521072797,0.040229885057471264,0.05938697318007663,0.017241379310344827,0.027777777777777776,cytoplasmic
465,53415.3003,0.08602150537634409,47.845612903225835,6.607669258117675,-0.5636559139784947,0.03655913978494624,0.047311827956989246,0.04086021505376344,0.08817204301075268,0.04516129032258064,0.05591397849462366,0.034408602150537634,0.025806451612903226,0.07096774193548387,0.10752688172043011,0.023655913978494623,0.02795698924731183,0.03870967741935484,0.06881720430107527,0.05161290322580645,0.07526881720430108,0.07096774193548387,0.04946236559139785,0.012903225806451613,0.02795698924731183,cytoplasmic
198,22172.101899999998,0.08585858585858586,38.623232323232315,8.904389381408691,-0.47626262626262633,0.06060606060606061,0.025252525252525252,0.04040404040404041,0.06565656565656566,0.020202020202020204,0.08080808080808081,0.020202020202020204,0.04040404040404041,0.07575757575757576,0.11616161616161616,0.015151515151515152,0.025252525252525252,0.05555555555555555,0.04040404040404041,0.05555555555555555,0.07575757575757576,0.08080808080808081,0.04040404040404041,0.020202020202020204,0.045454545454545456,cytoplasmic
274,29040.2966,0.029197080291970802,34.067883211678826,5.3219713211059565,-0.3051094890510949,0.06934306569343066,0.032846715328467155,0.06569343065693431,0.058394160583941604,0.01824817518248175,0.14233576642335766,0.0364963503649635,0.04744525547445255,0.025547445255474453,0.10218978102189781,0.01824817518248175,0.0364963503649635,0.040145985401459854,0.06934306569343066,0.058394160583941604,0.05474452554744526,0.043795620437956206,0.06934306569343066,0.0072992700729927005,0.0036496350364963502,cytoplasmic
1338,144732.6977,0.06801195814648729,41.06765321375215,5.498229026794433,-0.19925261584454412,0.09417040358744394,0.021674140508221227,0.04857997010463378,0.06801195814648729,0.03587443946188341,0.09865470852017937,0.026158445440956652,0.023168908819133034,0.02466367713004484,0.11061285500747384,0.01868460388639761,0.03288490284005979,0.07922272047832586,0.03961136023916293,0.06502242152466367,0.059790732436472344,0.042600896860986545,0.07847533632286996,0.0171898355754858,0.014947683109118086,cytoplasmic
132,14888.7425,0.09090909090909091,22.06818181818181,5.4021711349487305,-0.32954545454545453,0.05303030303030303,0.015151515151515152,0.07575757575757576,0.07575757575757576,0.06060606060606061,0.06818181818181818,0.015151515151515152,0.045454545454545456,0.09090909090909091,0.05303030303030303,0.030303030303030304,0.045454545454545456,0.007575757575757576,0.03787878787878788,0.03787878787878788,0.045454545454545456,0.09848484848484848,0.11363636363636363,0.015151515151515152,0.015151515151515152,cytoplasmic
720,80776.81539999999,0.09722222222222224,41.00930555555566,6.008699989318846,-0.2716666666666667,0.05694444444444444,0.02361111111111111,0.058333333333333334,0.04583333333333333,0.041666666666666664,0.06111111111111111,0.019444444444444445,0.05555555555555555,0.05138888888888889,0.09583333333333334,0.016666666666666666,0.05416666666666667,0.05416666666666667,0.059722222222222225,0.041666666666666664,0.08611111111111111,0.05138888888888889,0.07083333333333333,0.020833333333333332,0.034722222222222224,cytoplasmic
1309,143135.58539999998,0.058823529411764705,68.0129946524067,8.237657356262208,-0.5110771581359816,0.07028265851795264,0.0106951871657754,0.0481283422459893,0.07257448433919023,0.03514132925897632,0.07639419404125286,0.02750190985485103,0.03437738731856379,0.03590527119938885,0.10007639419404125,0.01680672268907563,0.019098548510313215,0.08861726508785332,0.029029793735676088,0.08785332314744079,0.1252864782276547,0.04660045836516425,0.05194805194805195,0.006111535523300229,0.01757066462948816,cytoplasmic
286,32063.8524,0.0944055944055944,49.85842657342659,9.280433464050294,-0.6262237762237762,0.0979020979020979,0.017482517482517484,0.04195804195804196,0.07342657342657342,0.045454545454545456,0.0944055944055944,0.03146853146853147,0.03496503496503497,0.05944055944055944,0.05244755244755245,0.024475524475524476,0.04195804195804196,0.04895104895104895,0.038461538461538464,0.08391608391608392,0.05944055944055944,0.04195804195804196,0.06293706293706294,0.027972027972027972,0.02097902097902098,cytoplasmic
277,30849.913299999997,0.05415162454873646,41.88592057761733,5.8207902908325195,-0.307942238267148,0.07942238267148015,0.02527075812274368,0.07220216606498195,0.06859205776173286,0.036101083032490974,0.061371841155234655,0.018050541516245487,0.036101083032490974,0.05054151624548736,0.10830324909747292,0.02527075812274368,0.04693140794223827,0.04693140794223827,0.04332129963898917,0.07581227436823104,0.05415162454873646,0.04693140794223827,0.08664259927797834,0.007220216606498195,0.010830324909747292,cytoplasmic
331,37205.9794,0.1027190332326284,49.322114803625375,6.672977256774904,-0.2924471299093656,0.09667673716012085,0.021148036253776436,0.030211480362537766,0.0755287009063444,0.045317220543806644,0.08157099697885196,0.03927492447129909,0.027190332326283987,0.03625377643504532,0.11178247734138973,0.030211480362537766,0.03323262839879154,0.045317220543806644,0.045317220543806644,0.0634441087613293,0.054380664652567974,0.05740181268882175,0.04833836858006042,0.01812688821752266,0.03927492447129909,cytoplasmic
564,63954.43860000001,0.08865248226950354,49.80675531914907,5.337715721130371,-0.5517730496453901,0.0726950354609929,0.030141843971631204,0.04964539007092199,0.09929078014184398,0.03723404255319149,0.047872340425531915,0.026595744680851064,0.03368794326241135,0.0673758865248227,0.09219858156028368,0.015957446808510637,0.031914893617021274,0.05673758865248227,0.0549645390070922,0.04609929078014184,0.07801418439716312,0.047872340425531915,0.06028368794326241,0.014184397163120567,0.03723404255319149,cytoplasmic
457,49593.466,0.10065645514223194,74.77199124726502,5.020611000061035,-0.9693654266958425,0.05032822757111598,0.0087527352297593,0.03938730853391685,0.061269146608315096,0.00437636761487965,0.1050328227571116,0.015317286652078774,0.015317286652078774,0.028446389496717725,0.0525164113785558,0.01312910284463895,0.037199124726477024,0.14660831509846828,0.06345733041575492,0.04157549234135667,0.12472647702407003,0.05032822757111598,0.045951859956236324,0.019693654266958426,0.07658643326039387,cytoplasmic
332,36688.2928,0.06325301204819277,24.78795180722891,8.44331150054932,-0.006325301204819287,0.05421686746987952,0.015060240963855422,0.05421686746987952,0.05421686746987952,0.02108433734939759,0.0783132530120482,0.02108433734939759,0.06927710843373494,0.08433734939759036,0.1144578313253012,0.02710843373493976,0.045180722891566265,0.03313253012048193,0.03614457831325301,0.03313253012048193,0.07228915662650602,0.04216867469879518,0.10240963855421686,0.018072289156626505,0.024096385542168676,cytoplasmic
478,55359.7016,0.0899581589958159,35.515920502092044,6.754257011413575,-0.5807531380753138,0.08158995815899582,0.016736401673640166,0.0502092050209205,0.100418410041841,0.03765690376569038,0.04602510460251046,0.03138075313807531,0.04184100418410042,0.09205020920502092,0.1192468619246862,0.027196652719665274,0.0502092050209205,0.027196652719665274,0.04811715481171548,0.05439330543933055,0.0502092050209205,0.027196652719665274,0.04602510460251046,0.008368200836820083,0.043933054393305436,cytoplasmic
374,39723.804000000004,0.06684491978609625,30.498930481283406,7.4508756637573255,0.15802139037433155,0.09090909090909091,0.040106951871657755,0.0374331550802139,0.06951871657754011,0.0374331550802139,0.10695187165775401,0.01871657754010695,0.0748663101604278,0.0855614973262032,0.058823529411764705,0.0213903743315508,0.02406417112299465,0.0427807486631016,0.016042780748663103,0.02406417112299465,0.05614973262032086,0.06149732620320856,0.10427807486631016,0.0106951871657754,0.01871657754010695,cytoplasmic
590,62377.614799999996,0.07288135593220339,51.17898305084765,7.58353786468506,-0.4279661016949153,0.061016949152542375,0.006779661016949152,0.04067796610169491,0.06949152542372881,0.04406779661016949,0.16271186440677965,0.005084745762711864,0.03559322033898305,0.04915254237288136,0.08644067796610169,0.022033898305084745,0.04745762711864407,0.015254237288135594,0.04576271186440678,0.06271186440677966,0.1152542372881356,0.04406779661016949,0.0576271186440678,0.003389830508474576,0.025423728813559324,cytoplasmic
432,49879.623400000004,0.04166666666666667,52.73935185185184,5.415641975402831,-0.7733796296296297,0.1087962962962963,0.0023148148148148147,0.04861111111111111,0.1388888888888889,0.016203703703703703,0.03009259259259259,0.018518518518518517,0.03009259259259259,0.04861111111111111,0.12962962962962962,0.027777777777777776,0.03935185185185185,0.020833333333333332,0.06018518518518518,0.1087962962962963,0.05324074074074074,0.046296296296296294,0.046296296296296294,0.0023148148148148147,0.023148148148148147,cytoplasmic
230,26182.2905,0.08260869565217392,41.417391304347824,4.8435575485229485,-0.4047826086956522,0.06521739130434782,0.013043478260869565,0.05652173913043478,0.11739130434782609,0.04782608695652174,0.04782608695652174,0.0391304347826087,0.05217391304347826,0.05652173913043478,0.09565217391304348,0.030434782608695653,0.0391304347826087,0.05217391304347826,0.034782608695652174,0.0391304347826087,0.06086956521739131,0.05217391304347826,0.06521739130434782,0.008695652173913044,0.02608695652173913,cytoplasmic
266,28976.978199999998,0.07142857142857142,32.8390977443609,5.5564889907836905,-0.008646616541353395,0.09774436090225563,0.015037593984962405,0.05639097744360902,0.04887218045112782,0.03383458646616541,0.09022556390977443,0.018796992481203006,0.08270676691729323,0.06390977443609022,0.09774436090225563,0.03007518796992481,0.06390977443609022,0.02631578947368421,0.06015037593984962,0.022556390977443608,0.03759398496240601,0.04887218045112782,0.06766917293233082,0.007518796992481203,0.03007518796992481,cytoplasmic
